Id,Origem,Destino,VoosTotais
0,SBGL,SBGR,63607
1,SBGR,SBGL,60248
2,SBSV,SBRF,42575
3,SBAR,SBSV,16403
4,SBSV,SBAR,16475
5,SBRJ,SBSV,5168
6,SBSV,SBRJ,5107
7,SBKP,SBRJ,39494
8,SBRJ,SBKP,39513
9,SBKP,SBCG,12722
10,SBCG,SBKP,12836
11,SBKP,SBMG,8782
12,SBMG,SBKP,8739
13,SBKP,SBCF,37761
14,SBCF,SBKP,38021
15,SBKP,SBFL,13649
16,SBFL,SBKP,13708
17,SBKP,SBSV,17745
18,SBSV,SBKP,18044
19,SBKP,SBPA,26557
20,SBPA,SBKP,27118
21,SBKP,SBCT,36108
22,SBKP,SBVT,11164
23,SBVT,SBSV,5777
24,SBCT,SBKP,35800
25,SBVT,SBKP,11893
26,SBSV,SBVT,5781
27,SBPA,SBRJ,12529
28,SBRJ,SBPA,12547
29,SBKP,SBRF,13520
30,SBRF,SBKP,13634
31,SBKP,SBFZ,9154
32,SBFZ,SBKP,9190
33,SBKP,SBNF,14675
34,SBNF,SBKP,14459
35,SBNF,SBPA,8116
36,SBPA,SBNF,7857
37,SBKP,SBEG,7568
38,SBEG,SBKP,6693
39,SBKP,SBMO,5032
40,SBMO,SBKP,5033
41,SBKP,SBNT,3623
42,SBNT,SBKP,3633
43,SBGR,SBFL,42965
44,SBFL,SBGR,42353
45,SBGR,SBFZ,48606
46,SBFZ,SBGR,49083
47,SBSV,SBGR,75492
48,SBGR,SBSV,77189
49,SBGL,SBSV,47791
50,SBSV,SBGL,48996
51,SBGL,SBJP,11683
52,SBSP,SBGL,36087
53,SBSP,SBBR,85294
54,SBBR,SBSP,85106
55,SBKP,SBGR,2514
56,SBBR,SBPJ,16529
57,SBRF,SBBR,24335
58,SBNT,SBRF,9844
59,SBPJ,SBBR,16570
60,SBRF,SBNT,9889
61,SBBR,SBRF,23448
62,SBBE,SBMQ,25952
63,SBBR,SBBE,21155
64,SBSP,SBCG,12263
65,SBCG,SBSP,12261
66,SBSP,SBCT,64372
67,SBCT,SBSP,64134
68,SBCT,SBMG,16737
69,SBCT,SBFI,19331
70,SBMG,SBCT,16649
71,SBFI,SBCT,19159
72,SBCF,SBBR,46430
73,SBBR,SBCF,46788
74,SBRJ,SBVT,32646
75,SBVT,SBRJ,32489
76,SBEG,SBBR,21590
77,SBBR,SBVT,7492
78,SBSP,SBPA,60469
79,SBVT,SBBR,7482
80,SBBR,SBEG,21303
81,SBPA,SBFL,23390
82,SBSP,SBCF,70719
83,SBCF,SBSP,71373
84,SBCF,SBSV,28212
85,SBCT,SBPA,33917
86,SBRF,SBFZ,35310
87,SBCF,SBFZ,4040
88,SBRF,SBSV,39651
89,SBSV,SBCF,26965
90,SBFZ,SBRF,34420
91,SBPA,SBSP,59899
92,SBSP,SBFL,38345
93,SBFL,SBCH,14484
94,SBFL,SBSP,38059
95,SBCH,SBFL,14383
96,SBSP,SBLO,13699
97,SBLO,SBSP,13632
98,SBSP,SBNF,26202
99,SBNF,SBSP,26121
100,SBCF,SBRJ,48073
101,SBRJ,SBCF,48323
102,SBSP,SBUL,19350
103,SBUL,SBSP,19070
104,SBCT,SBLO,20182
105,SBLO,SBCT,20124
106,SBBR,SBFZ,23797
107,SBSP,SBSV,19198
108,SBFZ,SBBR,23494
109,SBSV,SBSP,18867
110,SBSP,SBCX,5576
111,SBCX,SBSP,5536
112,SBSP,SBVT,21713
113,SBGL,SBRF,34277
114,SBRF,SBGL,34213
115,SBGO,SBSP,29345
116,SBSP,SBGO,29305
117,SBSP,SBDN,7963
118,SBDN,SBSP,7952
119,SBCF,SBGL,25168
120,SBVT,SBSP,21744
121,SBCY,SBGR,26319
122,SBDN,SBCY,783
123,SBSP,SBJV,14032
124,SBJV,SBSP,13976
125,SBGL,SBSP,34167
126,SBMO,SBGL,7739
127,SBGL,SBMO,7894
128,SBSP,SBIL,5701
129,SBIL,SBSV,12428
130,SBSV,SBIL,13027
131,SBIL,SBSP,5745
132,SBRJ,SBSP,201210
133,SBSP,SBRJ,201378
134,SBCT,SBCG,5134
135,SBGR,SBCT,59021
136,SBCT,SBGR,59170
137,SBBR,SBRJ,52837
138,SBRJ,SBBR,53908
139,SBEG,SBBV,10977
140,SBBV,SBEG,11041
141,SBKP,SBBR,28347
142,SBBR,SBKP,28707
143,SBSV,SBNT,6121
144,SBNT,SBSV,6102
145,SBSV,SBFZ,15943
146,SBFZ,SBSV,15956
147,SBSV,SBMO,12611
148,SBBR,SBCT,19052
149,SBMO,SBSV,12688
150,SBUL,SBGL,901
151,SBGL,SBUL,849
152,SBBR,SBSV,31276
153,SBSV,SBBR,31101
154,SBCF,SBVT,27206
155,SBVT,SBCF,27211
156,SBGR,SBCY,26387
157,SBGL,SBBR,29604
158,SBBR,SBGL,31397
159,SBGR,SBCF,54530
160,SBCF,SBPS,17436
161,SBCF,SBGR,53255
162,SBPS,SBCF,17588
163,SBCT,SBBR,19398
164,SBEG,SBGL,8526
165,SBGL,SBEG,8510
166,SBBR,SBCY,24249
167,SBGR,SBEG,24438
168,SBEG,SBGR,25143
169,SBSN,SBEG,11287
170,SBBE,SBSN,16086
171,SBFZ,SBSL,15375
172,SBSL,SBBE,11614
173,SBEG,SBSN,11129
174,SBBE,SBSL,11137
175,SBSN,SBBE,16006
176,SBSL,SBFZ,15481
177,SBFL,SBPA,23713
178,SBCF,SBIL,4149
179,SBIL,SBCF,4100
180,SBGO,SBGL,2999
181,SBGL,SBSL,7066
182,SBSL,SBGL,7084
183,SBGR,SBVT,21638
184,SBVT,SBGR,22379
185,SBGR,SBGO,25317
186,SBBR,SBTE,14946
187,SBGO,SBBR,24497
188,SBBR,SBGO,24788
189,SBTE,SBBR,14982
190,SBGO,SBGR,25344
191,SBGR,SBRF,63847
192,SBRF,SBGR,64457
193,SBGR,SBBR,58169
194,SBBR,SBGR,57216
195,SBJP,SBBR,11370
196,SBKG,SBRF,3645
197,SBBR,SBKG,648
198,SBRF,SBPL,12787
199,SBPL,SBRF,12760
200,SBCF,SBRF,13713
201,SBCF,SBGO,12727
202,SBRF,SBCF,13845
203,SBGO,SBCY,12187
204,SBUL,SBCF,13327
205,SBCF,SBUL,13209
206,SBGL,SBKP,33797
207,SBKP,SBGL,33653
208,SBPA,SBCT,33718
209,SBSM,SBPA,4045
210,SBBE,SBFZ,18154
211,SBEG,SBBE,14205
212,SBGL,SBCF,24587
213,SBNT,SBFZ,10567
214,SBGL,SBNT,11511
215,SBFZ,SBNT,11781
216,SBNT,SBGL,11616
217,SBGL,SBFZ,23262
218,SBFZ,SBGL,23264
219,SBRF,SBFN,10607
220,SBFN,SBRF,10603
221,SBGL,SBVT,21898
222,SBVT,SBGL,21233
223,SBGR,SBFI,21287
224,SBFI,SBGR,21234
225,SBBR,SBPA,17707
226,SBBR,SBMO,12392
227,SBCG,SBCT,5046
228,SBCF,SBMO,2470
229,SBIZ,SBSL,9347
230,SBBR,SBIZ,8816
231,SBPA,SBGR,74137
232,SBCT,SBCF,12381
233,SBCF,SBCT,12319
234,SBGL,SBFI,14928
235,SBFI,SBGL,14994
236,SBGR,SBPS,14838
237,SBPS,SBSV,7395
238,SBSV,SBPS,6896
239,SBPS,SBGR,14765
240,SBPA,SBBR,17543
241,SBFZ,SBTE,12989
242,SBJP,SBGL,11964
243,SBBE,SBPJ,211
244,SBMA,SBBE,13596
245,SBBR,SBMA,9505
246,SBGR,SBNT,15881
247,SBNT,SBGR,15919
248,SBRF,SBJU,4849
249,SBJU,SBRF,4860
250,SBCT,SBFL,4385
251,SBGL,SBCT,24474
252,SBRF,SBKG,2977
253,SBJU,SBFZ,8004
254,SBFZ,SBJU,8060
255,SBPA,SBGL,35675
256,SBMO,SBGR,20539
257,SBNM,SBSM,977
258,SBGL,SBAR,6348
259,SBAR,SBMO,5272
260,SBGR,SBMO,21059
261,SBAR,SBGL,6462
262,SBMO,SBAR,4851
263,SBGR,SBPA,73355
264,SBCT,SBGL,24519
265,SBBR,SBJP,11624
266,SBSL,SBIZ,9396
267,SBIZ,SBBR,8834
268,SBGR,SBBE,16456
269,SBBE,SBGR,15590
270,SBGL,SBPA,35929
271,SBSV,SBJP,3506
272,SBJP,SBSV,3486
273,SBBR,SBCG,9247
274,SBCG,SBBR,9279
275,SBBR,SBRB,8296
276,SBRB,SBBR,8367
277,SBBR,SBPV,11013
278,SBPV,SBBR,11111
279,SBGL,SBFL,17814
280,SBFL,SBGL,17943
281,SBGL,SBGO,2978
282,SBMQ,SBBE,26061
283,SBBE,SBBR,21121
284,SBCY,SBBR,24188
285,SBCZ,SBRB,4259
286,SBRB,SBPV,6585
287,SBPV,SBEG,14644
288,SBFZ,SBBE,17928
289,SBBE,SBEG,15175
290,SBRB,SBCZ,4320
291,SBPV,SBRB,6643
292,SBEG,SBPV,14728
293,SBBR,SBSL,13158
294,SBSL,SBBR,13089
295,SBRF,SBPS,20
296,SBBE,SBGL,9689
297,SBGR,SBNF,11604
298,SBNF,SBGR,11694
299,SBGL,SBBE,9726
300,SBGR,SBCG,16923
301,SBCG,SBGR,16859
302,SBCT,SBMO,22
303,SBLO,SBMO,31
304,SBGL,SBPS,626
305,SBPS,SBFZ,13
306,SBCY,SBGL,912
307,SBPA,SSER,571
308,SBPF,SBPA,1966
309,SSER,SBPF,1233
310,SBCT,SBGU,16
311,SBGU,SBCH,16
312,SBCH,SBGU,21
313,SBGU,SBCT,21
314,SBJU,SBBR,3303
315,SBBR,SBJU,3310
316,SBGR,SBPF,2234
317,SBPF,SBGR,2215
318,SBCY,SBPV,13519
319,SBBR,SBAR,4621
320,SBAR,SBBR,4726
321,SBGR,SBRJ,35567
322,SBRJ,SBGR,35537
323,SBCY,SBCG,14067
324,SBCG,SBCY,14151
325,SBSP,SBSP,886
326,SBCY,SBCY,738
327,SBSV,SBSV,730
328,SBGR,SBUL,6355
329,SBUL,SBGR,6088
330,SBUL,SBGO,3616
331,SBGO,SBUL,3626
332,SBRP,SBRJ,5788
333,SBRJ,SBRP,5840
334,SBRP,SBBR,7065
335,SBBR,SBRP,7106
336,SBSR,SBBR,2043
337,SBBR,SBSR,2029
338,SBCY,SWJI,332
339,SWJI,SBCY,305
340,SBRP,SBGO,5879
341,SBGR,SBRP,19112
342,SBSV,SBQV,14059
343,SBBR,SNBR,4493
344,SNBR,SBSV,4658
345,SBRP,SBGR,19429
346,SBSR,SBRP,2820
347,SBRP,SBSR,2840
348,SBBH,SBRP,4848
349,SBRP,SBBH,4843
350,SBCT,SBRP,1647
351,SBRP,SBCT,1634
352,SJTC,SBML,735
353,SBGR,SJTC,678
354,SBGR,SBDN,863
355,SBML,SJTC,724
356,SJTC,SBGR,673
357,SBDN,SBML,1154
358,SBML,SBSP,650
359,SBML,SBDN,1029
360,SBSP,SBML,660
361,SBSP,SJTC,1032
362,SJTC,SBAU,657
363,SJTC,SBSP,1020
364,SBAU,SJTC,639
365,SBCT,SBCA,8147
366,SBCA,SBCT,8088
367,SBMC,SWGI,297
368,SBBR,SBMC,308
369,SWGI,SNDC,173
370,SBMC,SBBR,313
371,SNDC,SWGI,169
372,SWGI,SBMC,298
373,SNDC,SBAA,631
374,SBAA,SNKE,440
375,SBMA,SNDC,1763
376,SBBE,SBMA,13577
377,SBAA,SNDC,625
378,SNKE,SBAA,437
379,SNDC,SBMA,1759
380,SBCJ,SDOW,1661
381,SBMA,SBCJ,3989
382,SDOW,SNFX,769
383,SNFX,SDOW,779
384,SDOW,SBCJ,1691
385,SBCJ,SBMA,3965
386,SBMA,SDOW,3651
387,SDOW,SBMA,3633
388,SWGI,SBGO,59
389,SWGI,SWFX,597
390,SWFX,SJHG,837
391,SJHG,SWFX,451
392,SWFX,SWGI,541
393,SBGO,SBGO,408
394,SBRJ,SBAR,2189
395,SBAR,SBRJ,2155
396,SBRJ,SBRF,563
397,SBRF,SBRJ,554
398,SBBR,SBFL,7223
399,SBRF,SBJP,4906
400,SBJP,SBRF,5143
401,SBCT,SBRJ,14893
402,SBRJ,SBCT,15100
403,SBRP,SBSP,12738
404,SBSP,SBRP,12703
405,SBBR,SBNT,8446
406,SBGR,SBSL,9720
407,SBSL,SBGR,9509
408,SBGR,SBJP,11133
409,SBJP,SBGR,11139
410,SBNT,SBBR,8425
411,SBGO,SBCG,2655
412,SBAR,SBGR,12296
413,SBGR,SBAR,11784
414,SBMO,SBBR,12521
415,SBCG,SBGO,2659
416,SBPA,SBSV,225
417,SBSP,SBSR,13755
418,SBSR,SBCY,3320
419,SBSR,SBSP,13907
420,SBCY,SBSR,3457
421,SBSP,SBCY,8502
422,SBCY,SBSP,8329
423,SBTE,SBFZ,12741
424,SBCT,SBSV,2624
425,SBFZ,SBEG,5923
426,SBSV,SBCT,2636
427,SBEG,SBFZ,5331
428,SBMA,SBBR,9484
429,SBAR,SBRF,11004
430,SBRF,SBAR,10963
431,SBLO,SBGR,7152
432,SBGR,SBLO,7160
433,SBPA,SBPS,768
434,SBSP,SBGR,2173
435,SBGR,SBSP,4235
436,SBGL,SBRJ,2424
437,SBVT,SBPS,623
438,SBPS,SBVT,598
439,SBRF,SBMO,9055
440,SBMO,SBCF,3350
441,SBBH,SBGV,7033
442,SBGV,SBBH,7135
443,SNJR,SBRJ,536
444,SBBH,SNJR,738
445,SBSJ,SBRJ,4109
446,SBNT,SBFN,2551
447,SBFN,SBNT,2554
448,SWEI,SBTF,1591
449,SBTF,SBEG,4852
450,SBTF,SWEI,1594
451,SBEG,SBTF,5001
452,SBBH,SBMK,7652
453,SBGV,SBIP,2847
454,SBIP,SBBH,8344
455,SBRJ,SNJR,550
456,SNJR,SBBH,752
457,SBBH,SBCB,872
458,SBCB,SBBH,865
459,SBMK,SBPS,109
460,SBRJ,SBCB,192
461,SBCB,SBRJ,194
462,SBEG,SWKO,2745
463,SWKO,SBEG,2743
464,SBCF,SBNT,2262
465,SBNT,SBCF,3106
466,SWUQ,SBBV,25
467,SBCF,SBJP,245
468,SBSP,SBKP,753
469,SBSP,SBPS,3990
470,SBRP,SBPS,620
471,SBSN,SBHT,3632
472,SBIH,SBSN,2481
473,SBPS,SBUL,412
474,SBUL,SBPS,423
475,SBKP,SBPS,2409
476,SBPS,SBKP,2487
477,SBCT,SBPS,223
478,SBFZ,SBCF,3220
479,SBCT,SBCX,3027
480,SBCX,SBCT,3015
481,SBCY,SBGO,11995
482,SBGO,SBCF,12859
483,SBPS,SBRJ,1272
484,SBPV,SBCY,13383
485,SBFL,SBCT,4887
486,SBCY,SBDN,749
487,SBIL,SBGR,1175
488,SBBV,SJQK,77
489,SBPA,SBMO,520
490,SBCT,SBNT,12
491,SBPS,SBRF,26
492,SBRF,SBCT,533
493,SBMO,SBRF,9221
494,SBGR,SBIL,1217
495,SJQK,SWUQ,16
496,SBMO,SBLO,34
497,SBKP,SBSP,1514
498,SBJP,SBJP,75
499,SBHT,SNOX,93
500,SBSN,SBIH,2488
501,SBBE,SBHT,12747
502,SNOX,SBSN,192
503,SNOX,SBHT,73
504,SBSN,SNOX,146
505,SBHT,SBBE,12716
506,SBPK,SBRG,15
507,SBRG,SBPA,17
508,SBGR,SBJU,4898
509,SBJU,SBPL,1087
510,SBPL,SBGR,1005
511,SBGR,SBSR,5800
512,SBGO,SBRP,5880
513,SBDN,SBGR,742
514,SBML,SBMG,257
515,SBMG,SBML,257
516,SBAU,SBDN,15
517,SBSP,SBJF,332
518,SBJF,SBSP,289
519,SBFL,SBBR,7165
520,SBSV,SBPA,223
521,SBCG,SBLO,1294
522,SBLO,SBCG,1365
523,SBPA,SBNT,25
524,SBPS,SBPA,753
525,SBLO,SBPS,82
526,SBPS,SBLO,68
527,SBGR,SBKP,1979
528,SBPA,SBRF,230
529,SBSP,SBFZ,1539
530,SBKP,SBJP,2684
531,SBJP,SBKP,2730
532,SBRP,SBMO,223
533,SBSR,SBPS,735
534,SBPS,SBGL,603
535,SBGR,SBTC,325
536,SBTC,SBGR,306
537,SBMK,SNDT,109
538,SNDT,SBBH,299
539,SBVT,SBIL,2979
540,SBVH,SWJI,68
541,SBCY,SBVH,4672
542,SBCY,SBFI,2134
543,SBFI,SBPA,4597
544,SWLB,SWHT,293
545,SWHT,SBEG,721
546,SWJI,SBPV,118
547,SBPV,SWLB,341
548,SBAX,SBUR,1069
549,SBBH,SBAX,2646
550,SBSV,SBLE,985
551,SBLE,SBSV,985
552,SBQV,SBSV,14014
553,SBMG,SWRD,1977
554,SWRD,SBCY,2863
555,SBEG,SBUA,510
556,SBUA,SBEG,1091
557,SBCG,SBCR,1888
558,SBCR,SBCG,2332
559,SBTF,SWKO,355
560,SWKO,SBTF,332
561,SBMK,SBBH,7692
562,SBBH,SBIP,8407
563,SBIP,SBGV,2621
564,SBIH,SWPI,502
565,SBHT,SBSN,3615
566,SWPI,SBEG,5934
567,SWPI,SBIH,327
568,SBEG,SWPI,5916
569,SBCY,SBMO,96
570,SBMO,SBCY,90
571,SBBH,SBVT,402
572,SBBH,SBBH,422
573,SBBH,SBUL,6879
574,SBUL,SBUR,1387
575,SBUR,SBBH,2294
576,SBRJ,SBPS,1293
577,SBVT,SBTV,1
578,SBTV,SBRJ,1
579,SBEG,SBEG,1069
580,SBBR,SBPS,2218
581,SBPS,SBBR,2220
582,SBMO,SBPA,401
583,SBMO,SBFZ,77
584,SBUL,SBNT,49
585,SBPS,SBCG,34
586,SBPS,SBCT,243
587,SBCG,SBPS,34
588,SBFZ,SBCT,119
589,SBGR,SBCN,1807
590,SBCN,SBGR,1745
591,SBBE,SBMD,1789
592,SBMD,SBBE,1631
593,SBSM,SBNM,1052
594,SBPA,SBSM,4131
595,SBPA,SBRG,80
596,SBRG,SBPK,74
597,SJTC,SBMG,12
598,SBSP,SBAU,189
599,SBJP,SBCF,262
600,SBFL,SBPS,77
601,SBNT,SBPA,27
602,SBRP,SBNT,20
603,SBNT,SBRP,28
604,SBNT,SBSP,206
605,SBMO,SBSP,1666
606,SBPS,SBRP,637
607,SBPS,SBSR,732
608,SBPS,SBSP,4088
609,SBCN,SBSP,2002
610,SBBH,SNDT,335
611,SNDT,SBMK,149
612,SBIL,SBVT,2976
613,SBBH,SBSJ,193
614,SWJI,SBBV,13
615,SBUL,SBRP,3096
616,SBEG,SBTT,4176
617,SBTT,SBEG,4186
618,SBPA,SBFI,4497
619,SBFI,SBCY,2132
620,SBVH,SBCY,4767
621,SBLO,SBFI,661
622,SWHT,SWLB,392
623,SWLB,SBPV,424
624,SBEG,SWHT,756
625,SBPV,SWJI,112
626,SBBH,SBKP,8425
627,SBCA,SSDO,613
628,SSDO,SBCG,802
629,SBTB,SBSN,2837
630,SWPI,SBTB,732
631,SBCY,SBLO,3283
632,SBUR,SBAX,1107
633,SBAX,SBBH,2990
634,SWSI,SBAT,1500
635,SBCY,SWSI,8084
636,SBRJ,SBGO,5486
637,SBDB,SBCR,658
638,SBCG,SBDB,482
639,SWRD,SBMG,2054
640,SBCY,SWRD,2901
641,SBTF,SWOB,551
642,SWOB,SDCG,544
643,SDCG,SBTF,93
644,SBEG,SWBC,1321
645,SWBC,SBEG,1310
646,SWSI,SBCY,8040
647,SBAT,SWSI,1477
648,SBUL,SBBH,6971
649,SBRP,SBUL,3108
650,SNJR,SBJF,171
651,SBJF,SBRJ,1494
652,SBCG,SBSR,331
653,SBSR,SBRJ,711
654,SBGV,SBPS,23
655,SBPS,SBGV,27
656,SBCG,SBBH,15
657,SBVT,SBBH,399
658,SBPS,SBMK,109
659,SBSV,SBLP,426
660,SBLP,SNGI,421
661,SNGI,SBSV,519
662,SBNT,SBUL,41
663,SBSP,SBMG,6960
664,SBMG,SBSP,6994
665,SBPK,SBPA,5492
666,SBFL,SSJA,18
667,SBEG,SBMY,70
668,SWBR,SBEG,39
669,SBNF,SBCT,141
670,SBEG,SWMW,101
671,SWMW,SBEG,92
672,SSZR,SBNM,568
673,SBNM,SBPA,1173
674,SBCD,SSJA,746
675,SBCT,SBCD,847
676,SBCD,SBCT,432
677,SSJA,SBCD,386
678,SBPF,SSJA,182
679,SBPA,SBPF,1508
680,SSJA,SSER,601
681,SSJA,SBFL,19
682,SBFL,SBCM,23
683,SBCM,SBFL,26
684,SBCH,SBCT,620
685,SBPA,SBPA,1082
686,SBFL,SBFL,425
687,SNBR,SBBR,4509
688,SBSV,SNBR,4678
689,SBMG,SJTC,12
690,SBAU,SBML,22
691,SBMY,SWBR,34
692,SWGI,SBBR,208
693,SBGO,SWGI,48
694,SNKE,SJHG,112
695,SJHG,SNKE,111
696,SBGO,SBKP,15681
697,SBPS,SBFL,77
698,SBBR,SDSC,30
699,SBRJ,SBRJ,727
700,SBGO,SBPS,763
701,SBPS,SBGO,784
702,SBIP,SBVT,859
703,SBVT,SBIP,523
704,SBMG,SBLO,2130
705,SBCG,SBMG,2710
706,SBLO,SBMG,2286
707,SBMG,SBCG,2616
708,SBRJ,SBSJ,3944
709,SBBH,SBQV,878
710,SBQV,SBBH,889
711,SBKP,SBBH,8262
712,SBFI,SBLO,587
713,SBRJ,SBJF,1442
714,SBJF,SBBH,1757
715,SBSN,SBTB,2815
716,SBTB,SWPI,592
717,SBLO,SBCY,3065
718,SBBH,SNPD,1163
719,SNPD,SBAX,688
720,SBBH,SBJF,1793
721,SBSV,SBPL,5647
722,SBPL,SBSV,5646
723,SBGO,SBRJ,5394
724,SSDO,SBCA,559
725,SBCG,SSDO,768
726,SBCA,SBMG,577
727,SBMG,SBGR,5150
728,SBGR,SBMG,5088
729,SBMG,SBCA,581
730,SWJI,SBVH,88
731,SWLC,SBGO,1000
732,SBUL,SWLC,889
733,SBGO,SWLC,992
734,SWLC,SBUL,871
735,SBBH,SBUR,2432
736,SBUL,SBBR,3255
737,SBBR,SWGN,1577
738,SBUR,SBUL,1400
739,SBCJ,SBTU,1031
740,SBTU,SBBE,1767
741,SWGN,SBCJ,844
742,SBTU,SBCJ,1007
743,SBBE,SBTU,1744
744,SBCJ,SWGN,842
745,SBBR,SBUL,3260
746,SWGN,SBBR,1556
747,SBRJ,SBSR,734
748,SBSR,SBCG,330
749,SBRJ,SBCP,3288
750,SBRJ,SBME,4869
751,SBCP,SBRJ,3475
752,SBME,SBCP,1791
753,SBCP,SBME,1611
754,SBME,SBRJ,4605
755,SWRP,SWJN,19
756,SBCY,SIZX,19
757,SIZX,SWRP,19
758,SWJN,SBCY,19
759,SBCY,SWRP,1
760,SWRP,SBCY,13
761,SBGL,SBSJ,771
762,SBCY,SBCF,1696
763,SBEG,SBCF,1942
764,SBMD,SNOX,97
765,SNOX,SBMD,74
766,SBSV,SBEG,115
767,SBPA,SSZR,1003
768,SBSM,SBUG,1075
769,SBUG,SBSM,1064
770,SSER,SBCD,12
771,SBPF,SSER,663
772,SBFL,SSER,2
773,SBPV,SBPV,146
774,SBML,SBAU,25
775,SBAU,SBSP,241
776,SBJF,SBKP,1775
777,SBBR,SWGI,218
778,SBVT,SBCT,218
779,SBLO,SBRP,103
780,SBCG,SBGL,1166
781,SBCF,SBCF,1687
782,SBCT,SBCT,732
783,SBGL,SBGL,729
784,SBKP,SBSR,13382
785,SBGO,SBNT,36
786,SBNT,SBGO,35
787,SBEG,SWTP,603
788,SWTP,SBUA,594
789,SBBH,SBCT,57
790,SBCP,SBVT,798
791,SBVT,SBCP,811
792,SWJN,SWRP,19
793,SBCY,SWJN,21
794,SBSV,SBBE,590
795,SBCT,SBPL,323
796,SBGL,SBTE,1036
797,SJRG,SBPA,2481
798,SSER,SSJA,574
799,SBGR,SBGR,1300
800,SBMA,SBMA,79
801,SBBE,SBRP,8
802,SBCY,SBFZ,98
803,SBFZ,SBCY,97
804,SBRP,SBGL,4990
805,SDCG,SBTT,622
806,SBTT,SBTF,749
807,SBPJ,SWGN,4015
808,SBCT,SBBH,76
809,SBSJ,SBGL,786
810,SBTE,SBGL,1044
811,SBSN,SBMD,165
812,SBMD,SBSN,162
813,SBCT,SBCH,276
814,SBGO,SBFZ,98
815,SBFZ,SBGO,119
816,SBDB,SBCG,52
817,SIZX,SBCY,6
818,SWRP,SIZX,5
819,SBGR,SBSJ,66
820,SBRJ,SBGL,361
821,SBPA,SBEG,7
822,SSJA,SBPF,132
823,SBRP,SBDN,8
824,SBDN,SBRP,13
825,SBMA,SNFX,17
826,SBSJ,SBCF,2616
827,SBKP,SBKP,2544
828,SBEG,SJQK,5
829,SJQK,SJQK,120
830,SBJU,SBJU,28
831,SBMO,SBSR,15
832,SBSR,SBMO,9
833,SBMO,SBRP,222
834,SBSR,SBCF,27
835,SBNT,SBSR,21
836,SBRP,SBCF,2853
837,SBPS,SJTC,26
838,SJTC,SBPS,25
839,SDOW,SWGI,1
840,SBSJ,SBBH,194
841,SBTF,SBTT,149
842,SWLB,SBEG,322
843,SBJF,SNJR,174
844,SBRJ,SBJR,48
845,SBKP,SBCN,709
846,SBCN,SBKP,617
847,SBNF,SBMG,10
848,SBMG,SBJV,20
849,SBCF,SBFL,543
850,SBBR,SBBR,762
851,SJQK,SBBV,70
852,SBRP,SBSV,264
853,SBSV,SBSR,19
854,SBSV,SBRP,308
855,SBFZ,SBSR,10
856,SBSV,SBTC,162
857,SBTC,SBSP,526
858,SBFI,SBCG,51
859,SBKP,SJTC,14
860,SBCD,SBFL,3
861,SJTC,SBKP,2
862,SJHG,SWGI,48
863,SSDO,SBCT,63
864,SBBH,SBFI,2
865,SBSV,SNJB,1
866,SNJB,SBSV,1
867,SBCG,SBCG,135
868,SBCH,SBCH,69
869,SBML,SBKP,4675
870,SBKP,SBML,4941
871,SJTC,SJTC,5
872,SBFI,SSDO,30
873,SBFI,SBMG,163
874,SBCT,SBDN,181
875,SBBE,SBBE,529
876,SBSL,SBSL,214
877,SSER,SBPA,63
878,SBAT,SBCY,3929
879,SBFI,SBBH,2
880,SBDN,SBCT,167
881,SBFL,SBCF,547
882,SBML,SBGR,1028
883,SBGR,SBAU,3120
884,SBJF,SBGR,2376
885,SBTC,SBSV,132
886,SBSP,SBTC,511
887,SBME,SBVT,760
888,SBEG,SBRB,494
889,SBGR,SBML,751
890,SBRP,SJTC,13
891,SBSN,SBSL,15
892,SBTR,SBPA,112
893,SBPA,SBTR,109
894,SBPL,SBPL,27
895,SBSR,SBGR,6506
896,SBGO,SBSR,12
897,SBFL,SBNF,97
898,SBRJ,SBAG,2
899,SBAG,SBJR,1
900,SBAG,SBRJ,1
901,SBRF,SBRF,719
902,SBPA,SBCX,69
903,SBCX,SBCX,50
904,SBCX,SBPA,30
905,SBKP,SBAU,8852
906,SBJV,SBKP,8419
907,SBUL,SBKP,6569
908,SBBR,SBBV,1976
909,SDSC,SBSP,674
910,SBCY,SBRB,87
911,SBSJ,SBKP,1114
912,SBNF,SBSJ,5
913,SBFZ,SBAR,32
914,SBFZ,SBFZ,233
915,SWGI,SWGI,5
916,SBNT,SBAR,17
917,SBGR,SBJV,2435
918,SBSP,SDSC,662
919,SBNT,SBPS,1
920,SBCG,SBCA,37
921,SBRP,SBKP,13547
922,SBBH,SBGO,19
923,SBPA,SBVT,40
924,SBCX,SBKP,2705
925,SBJV,SBJV,70
926,SBPA,SBPK,2373
927,SBDN,SBKP,7819
928,SBCF,SBRP,2848
929,SBLO,SBFL,30
930,SBGR,SDSC,511
931,SBRB,SBCY,96
932,SBGO,SBBH,20
933,SBBH,SBCG,25
934,SBBV,SWUQ,16
935,SDSC,SBGL,84
936,SBJR,SBRJ,46
937,SBVT,SBVT,254
938,SBCX,SBGR,216
939,SBLO,SBFZ,4
940,SBSR,SBGL,16
941,SBKP,SBLO,7899
942,SBSP,SBNT,35
943,SBPV,SWHT,377
944,SBCY,SBAT,3929
945,SBEG,SBPA,14
946,SWUQ,SWAE,1
947,SWAE,SJQK,1
948,SBSR,SBSV,20
949,SBRP,SBLO,117
950,SWPI,SBSN,66
951,SBRJ,SNGI,1
952,SBKP,SBSJ,1057
953,SBFI,SBCF,418
954,SBPA,SBCF,6823
955,SBFI,SBVT,8
956,SBSP,SBMO,1622
957,SBJF,SBCB,30
958,SBGL,SBRP,4930
959,SBSR,SBCB,2
960,SBBH,SBPS,24
961,SBME,SBJR,1
962,SBEG,SBSL,21
963,SBFZ,SBMQ,11
964,SBKP,SBJV,8369
965,SBMQ,SBMQ,70
966,SBBH,SBGL,29
967,SBBH,SBRJ,150
968,SBRJ,SBBH,163
969,SBSV,SNGI,102
970,SWRD,SBCT,12
971,SBCF,SBBH,947
972,SBSV,SBFL,39
973,SBJV,SBNF,203
974,SBMG,SBCY,2017
975,SBGL,SBNF,4510
976,SBCF,SBSR,9
977,SBPS,SBPS,50
978,SBKP,SBAR,2917
979,SBRF,SBPV,2
980,SBSJ,SBGR,72
981,SBFI,SBSP,3296
982,SBFL,SBFI,211
983,SBFL,SBLO,37
984,SBSR,SBFZ,2
985,SBLO,SBBR,473
986,SDSC,SBGR,524
987,SBRF,SBPA,338
988,SBGL,SBCB,22
989,SBNF,SBCF,279
990,SBCA,SBGR,787
991,SBSR,SBUL,25
992,SBVT,SBME,744
993,SBPA,SBSJ,31
994,SBRB,SBRB,80
995,SBUL,SBSR,13
996,SBCZ,SBPV,24
997,SBKP,SBGO,15482
998,SBRP,SBSJ,7
999,SBCY,SILC,11
1000,SILC,SBCY,11
1001,SBLO,SBPA,1708
1002,SBRF,SBFL,28
1003,SJTC,SBCF,1
1004,SBIL,SBKP,3086
1005,SBRJ,SBCY,8
1006,SWBC,SWTP,1
1007,SWTP,SWBC,3
1008,SBPA,SBNM,569
1009,SBFL,SBPF,122
1010,SBPF,SBCD,18
1011,SBCF,SBPA,6802
1012,SBSJ,SBCY,2
1013,SBCY,SBKP,14118
1014,SBBH,SBBR,33
1015,SBEG,SBBH,38
1016,SBFL,SBSV,3
1017,SBNF,SBVT,4
1018,SBSV,SBGO,1004
1019,SBPA,SBUG,569
1020,SBRP,SBFZ,9
1021,SBFZ,SBRP,15
1022,SBBH,SBCF,945
1023,SBCF,SBUR,2272
1024,SBUR,SBCF,2365
1025,SBCB,SBJR,1
1026,SBUG,SBPA,578
1027,SBEG,SWNK,7
1028,SWNK,SBRB,2
1029,SBRB,SBEG,458
1030,SBFL,SBCX,19
1031,SNKE,SNKE,2
1032,SBCT,SBSR,2
1033,SBMG,SBAU,4
1034,SBGL,SBME,359
1035,SBJR,SBGL,3
1036,SBPV,SBVH,124
1037,SBSJ,SBPS,1
1038,SBRJ,SBNT,1
1039,SBRJ,SBFZ,1
1040,SBSJ,SBRP,12
1041,SBJR,SBJR,4
1042,SBFZ,SBMO,87
1043,SBPA,SJRG,5486
1044,SJRG,SBPK,3997
1045,SBSP,SBCH,13
1046,SBMY,SBEG,32
1047,SBIZ,SBGR,517
1048,SBFZ,SBSP,1571
1049,SBPK,SJRG,973
1050,SBRP,SBCY,76
1051,SBBR,SBSN,918
1052,SBGR,SBSN,28
1053,SBCH,SBSP,55
1054,SBCY,SBRP,97
1055,SBCB,SBKP,590
1056,SBSV,SNJR,1
1057,SNJR,SBSV,1
1058,SBSL,SBSV,2
1059,SBGR,SBCP,1
1060,SBCP,SBGR,1
1061,SDCO,SDCO,2
1062,SBRF,SBSP,5161
1063,SBKP,SDAM,8
1064,SDAM,SBKP,9
1065,SDCO,SBCY,1
1066,SWJI,SBRB,1
1067,SBCZ,SWJI,1
1068,SBSJ,SBSJ,47
1069,SBBV,SBBV,54
1070,SBSN,SBBV,10
1071,SWTP,SBEG,41
1072,SBMO,SBPS,8
1073,SBUL,SNYB,1
1074,SNYB,SBUL,2
1075,SBCG,SBNF,1
1076,SBDN,SBAU,10
1077,SBKP,SBRP,13422
1078,SBGL,SBBH,38
1079,SBGR,SBIP,4396
1080,SWSI,SWSI,17
1081,SBGV,SBVT,1406
1082,SBVT,SBGV,1731
1083,SBIP,SBGR,4399
1084,SBNF,SBJV,198
1085,SBJV,SBGR,2420
1086,SBGR,SBBH,5254
1087,SBPA,SBCM,659
1088,SBCM,SBJV,1518
1089,SBCM,SBPA,655
1090,SBNF,SBCM,3
1091,SBBH,SBGR,5227
1092,SBAE,SBSP,4457
1093,SBSP,SBAE,4453
1094,SBGL,SBIL,165
1095,SBCY,SBJI,5882
1096,SBJI,SBCY,5831
1097,SBAE,SBML,2489
1098,SBGR,SBAE,1703
1099,SBML,SBAE,2591
1100,SBAE,SBGR,1535
1101,SBAU,SBAE,458
1102,SBAE,SBAU,477
1103,SBSN,SWPI,81
1104,SBJI,SBPV,1377
1105,SBVH,SBJI,710
1106,SBPV,SBJI,1388
1107,SBJI,SBVH,704
1108,SBGR,SBJF,2312
1109,SBJV,SBCM,1527
1110,SNPD,SBBH,787
1111,SBCF,SBIP,6761
1112,SBCF,SBQV,4434
1113,SBJF,SBCF,246
1114,SBCF,SBGV,1494
1115,SBCF,SNJR,1
1116,SWBC,SBUA,592
1117,SBUA,SWBC,584
1118,SBIP,SBCF,6749
1119,SBMK,SBIP,10
1120,SBIP,SBIP,36
1121,SBKP,SBBV,11
1122,SBGL,SBSN,9
1123,SBGR,SBBV,46
1124,SBPF,SBSP,7
1125,SBFZ,SBSN,18
1126,SBBV,SBBR,1966
1127,SBPA,SSIJ,14
1128,SSIJ,SBNM,14
1129,SBSR,SBNT,10
1130,SBUR,SBIP,1
1131,SBTE,SBIZ,11
1132,SBSL,SBTE,5503
1133,SDSC,SBFL,1
1134,SBSP,SBCN,1933
1135,SBBH,SBCA,8
1136,SBBV,SWBU,6
1137,SWBU,SBBV,9
1138,SBPF,SSZR,53
1139,SBNM,SBPF,53
1140,SBAU,SBSR,1378
1141,SBCA,SBLO,678
1142,SBLO,SBCA,650
1143,SBSR,SBAU,698
1144,SBIL,SBIP,1
1145,SBPJ,SBGO,10307
1146,SBRB,SBCF,11
1147,SBPV,SBCF,2623
1148,SBMG,SBDN,11
1149,SWGI,SJHG,34
1150,SBRF,SBBE,1743
1151,SBSN,SBPA,1
1152,SBJP,SBAR,11
1153,SWBI,SBEG,1
1154,SBEG,SWBI,1
1155,SBCF,SNYB,1
1156,SBFI,SBKP,4543
1157,SBCA,SBCG,15
1158,SBCB,SBCB,7
1159,SBVH,SBPV,27
1160,SBUL,SBIP,20
1161,SBEG,SBSJ,3
1162,SBVH,SBVH,14
1163,SBCG,SBCF,377
1164,SBUL,SBUL,97
1165,SBCY,SBCT,268
1166,SBBR,SBMQ,1437
1167,SBJF,SBGL,8
1168,SBGL,SBPV,12
1169,SBMG,SBBH,17
1170,SBFZ,SBJP,969
1171,SBPF,SBKP,3093
1172,SBCJ,SNFX,4
1173,SBPV,SBGR,804
1174,SBJP,SBFZ,977
1175,SBBV,SJUQ,1
1176,SJUQ,SJQK,1
1177,SNPD,SBUR,2
1178,SDAM,SBCF,2
1179,SNFX,SBMA,12
1180,SBSJ,SBFL,4
1181,SNDC,SNDC,1
1182,SBJU,SBSV,619
1183,SBCR,SWJI,1
1184,SBCY,SBCR,17
1185,SBRJ,SBBQ,1
1186,SBBQ,SBRJ,2
1187,SBDN,SBLO,155
1188,SBJR,SBBQ,1
1189,SBSV,SBJU,613
1190,SWUQ,SJQK,6
1191,SBJV,SBFL,8
1192,SBRF,SBVT,419
1193,SSJA,SBPA,12
1194,SBRP,SBRF,397
1195,SBRF,SBRP,411
1196,SBFL,SBMG,26
1197,SBCF,SBEG,1961
1198,SBJV,SBCT,81
1199,SBCY,SBEG,70
1200,SWGN,SBTU,1
1201,SWSI,SBEG,1
1202,SBTU,SBMA,16
1203,SBCZ,SBBR,4
1204,SJQK,SWBU,5
1205,SBSV,SBSN,1
1206,SBBE,SBCJ,1559
1207,SBCJ,SBBE,1529
1208,SBPS,SBBH,24
1209,SWBU,SJQK,3
1210,SBCN,SBSR,1
1211,SBSR,SNPY,1
1212,SNPY,SBCN,1
1213,SBUR,SBRP,384
1214,SBUR,SBPS,1
1215,SBRP,SBUR,290
1216,SBUL,SBNF,1
1217,SBSP,SBFI,3253
1218,SWRD,SBAT,1
1219,SBME,SBGL,367
1220,SBNF,SBGL,4523
1221,SBPA,SBGO,370
1222,SBIL,SBIL,39
1223,SBFI,SBCA,105
1224,SBEG,SBMQ,4
1225,SBMQ,SBEG,5
1226,SBAU,SBKP,8877
1227,SBVT,SBMO,4
1228,SBKP,SBCA,3965
1229,SBMK,SBCP,1
1230,SBCP,SBBH,53
1231,SBSN,SBGL,8
1232,SBAR,SBVT,3
1233,SBMO,SBMO,71
1234,SBTE,SBCF,188
1235,SBSV,SNIU,3
1236,SNIU,SBSV,4
1237,SBAR,SBPS,9
1238,SBCF,SBAR,2014
1239,SBTE,SBSL,5715
1240,SBSV,SBTE,124
1241,SBAR,SBCF,1064
1242,SBPA,SBCA,34
1243,SBAE,SBPS,24
1244,SBPS,SBAE,23
1245,SBCF,SBBE,6217
1246,SBBE,SBBH,36
1247,SBBH,SBEG,39
1248,SBCT,SSJA,223
1249,SBNT,SBGP,4
1250,SBAT,SBVH,3
1251,SBVT,SBCY,13
1252,SBRJ,SBTC,26
1253,SBTC,SBKP,41
1254,SBTC,SBBR,18
1255,SBTC,SBGL,58
1256,SBNT,SBMO,17
1257,SBKP,SDCO,6
1258,SBLO,SBJV,9
1259,SBKP,SBTC,21
1260,SBTC,SBRJ,24
1261,SBNF,SBNF,74
1262,SBDN,SBMG,19
1263,SBBR,SBTC,15
1264,SBRF,SBTC,7
1265,SBCT,SBJV,61
1266,SBBE,SBSP,457
1267,SBJI,SBBV,39
1268,SBPK,SBPK,14
1269,SBJV,SBPA,897
1270,SBVT,SBPA,107
1271,SBCB,SBCF,1062
1272,SWCA,SBTF,166
1273,SBCM,SBCM,10
1274,SBPV,SBTF,2
1275,SBMG,SBMG,139
1276,SBNM,SBNM,2
1277,SBCT,SBCY,213
1278,SDCO,SBGO,1
1279,SBGL,SBTC,57
1280,SBTC,SBMO,4
1281,SJTC,SBRP,11
1282,SBNT,SBBH,15
1283,SBMG,SBPA,741
1284,SBLO,SBKP,7890
1285,SIXE,SBPA,26
1286,SBPA,SIXE,26
1287,SBMO,SBTC,3
1288,SBSM,SBSM,9
1289,SNDC,SBCJ,1
1290,SBMO,SBSJ,1
1291,SBJP,SBMO,750
1292,SBAR,SBAR,79
1293,SBFI,SBFL,129
1294,SBBE,SBCF,6185
1295,SBGP,SBRP,3
1296,SBTT,SBUA,7
1297,SBSJ,SBMO,1
1298,SBGR,SSDO,4
1299,SBEG,SWUY,451
1300,SWUY,SBEG,468
1301,SWUY,SWCA,137
1302,SWCA,SWUY,136
1303,SBNF,SBFL,31
1304,SBAR,SBNT,11
1305,SBMO,SBRJ,1
1306,SBKP,SBAX,286
1307,SWUY,SWKO,81
1308,SNGI,SBQV,18
1309,SBMG,SBGL,48
1310,SBCJ,SBCJ,2
1311,SBMA,SBGR,7
1312,SBLO,SWRD,42
1313,SWKO,SWUY,96
1314,SBPA,SBLO,1639
1315,SWFX,SWFX,2
1316,SBTC,SBFZ,8
1317,SBAX,SBKP,289
1318,SBFI,SBBR,545
1319,SBAR,SBSP,1188
1320,SBCF,SBSL,5050
1321,SBPA,SBCG,17
1322,SBGR,SBCH,1722
1323,SBBE,SNSW,34
1324,SNSW,SBBE,34
1325,SNVB,SBSV,106
1326,SBSV,SNVB,105
1327,SBPA,SBCH,2892
1328,SBPF,SBNM,1
1329,SBGO,SBCT,537
1330,SBGL,SBCY,888
1331,SJTC,SBDN,5
1332,SDOW,SNDC,2
1333,SBML,SBML,29
1334,SBBR,SWFX,32
1335,SNDC,SBBR,1
1336,SJHG,SNDC,3
1337,SNDC,SNKE,3
1338,SNKE,SWFX,9
1339,SBSR,SBSR,102
1340,SBBH,SBSV,98
1341,SBRJ,SBIP,74
1342,SBIP,SBRJ,67
1343,SBEG,SBRJ,2
1344,SBAA,SBMA,5
1345,SBBR,SNDC,2
1346,SNFX,SBBR,1
1347,SBUL,SBRJ,991
1348,SBAU,SBGR,2387
1349,SBSV,SBBH,95
1350,SBTF,SWUY,10
1351,SBSV,SNCI,2
1352,SNCI,SBSV,1
1353,SBGL,SBCG,1138
1354,SBCG,SBFL,14
1355,SNDC,SJHG,3
1356,SWFX,SBBR,40
1357,SBRF,SBSR,7
1358,SBKP,SBJF,1754
1359,SBMA,SBIZ,1
1360,SBSL,SBMA,3
1361,SBGR,SBDB,343
1362,SBDB,SBGR,344
1363,SBPS,SBTC,3
1364,SBGO,SBPJ,10332
1365,SBMC,SNDC,1
1366,SBNT,SBJP,422
1367,SBCP,SBJR,1
1368,SBDN,SBCG,22
1369,SWFX,SNKE,7
1370,SBSL,SBEG,11
1371,SBNT,SBSL,3
1372,SBLP,SBSV,3
1373,SBBR,SBFI,544
1374,SBRP,SBRP,303
1375,SBGR,SBMN,1
1376,SBMN,SBEG,3
1377,SNAP,SBBR,1
1378,SBGO,SNAP,1
1379,SSJA,SBCT,580
1380,SBGO,SBSV,1001
1381,SBRF,SBEG,512
1382,SBPF,SBCH,132
1383,SBCH,SBPF,154
1384,SWUY,SWUY,7
1385,SBRJ,SBBZ,5
1386,SBBZ,SBRJ,6
1387,SBBR,SBLO,483
1388,SBLO,SBCN,1
1389,SBCN,SBBR,2
1390,SBCG,SBPA,21
1391,SBRJ,SBIL,441
1392,SBIL,SBBH,11
1393,SBLO,SBDN,138
1394,SBPF,SBCT,53
1395,SBCD,SBPA,4
1396,SBDN,SBFI,3
1397,SBPA,SSSC,3
1398,SSSC,SBPA,3
1399,SBDN,SJTC,3
1400,SBCN,SBLO,1
1401,SBBH,SBDN,8
1402,SBDN,SBBH,4
1403,SBIL,SBRJ,472
1404,SBBH,SBIL,3
1405,SBCF,SBTC,173
1406,SBKP,SBCY,14200
1407,SBML,SBRP,6
1408,SBRP,SBML,5
1409,SBBH,SBMG,6
1410,SNJR,SBKP,6
1411,SBGL,SBLO,17
1412,SNGI,SNBR,2
1413,SBRF,SNRU,167
1414,SNRU,SBRF,167
1415,SBCF,SBCJ,3851
1416,SBCJ,SBCF,3898
1417,SBTU,SBHT,1
1418,SBFL,SBSR,1
1419,SBSL,SBKP,155
1420,SBSJ,SBBR,3
1421,SBPJ,SBSP,1293
1422,SBEG,SBPJ,3
1423,SBIZ,SBIZ,11
1424,SBAR,SBUL,1
1425,SBRF,SBUL,142
1426,SBBE,SBKP,1191
1427,SBNT,SBVT,18
1428,SBSN,SBSN,67
1429,SBCD,SBPF,18
1430,SBRJ,SBUL,994
1431,SBCP,SBCP,8
1432,SBGL,SBJF,6
1433,SBGL,SBSR,22
1434,SBCA,SBJV,46
1435,SBPA,SBJV,907
1436,SBCF,SBNF,282
1437,SBBG,SBPA,170
1438,SBPA,SBBG,97
1439,SBJP,SBSP,963
1440,SBSL,SBCF,5096
1441,SBPA,SSJA,12
1442,SBCH,SBGR,1712
1443,SBFZ,SBVT,371
1444,SBBE,SBVT,11
1445,SBPS,SBAR,15
1446,SBMO,SBCT,15
1447,SBJP,SBPS,4
1448,SBRP,SNBR,2
1449,SNBR,SBRF,3
1450,SBTT,SBCZ,19
1451,SBCZ,SBTT,20
1452,SBMG,SBFI,169
1453,SBSP,SDCO,2
1454,SDCO,SBSP,2
1455,SBVT,SBRP,10
1456,SBJP,SBRP,15
1457,SBBE,SBUL,6
1458,SBGL,SBJR,4
1459,SBLO,SBNF,6
1460,SBNT,SBFL,3
1461,SBPS,SBMO,15
1462,SSZR,SBPA,439
1463,SBJF,SBSJ,4
1464,SBTU,SBBH,1
1465,SNDC,SBGO,1
1466,SBBH,SBCY,62
1467,SBIL,SBRF,2
1468,SBEG,SJCW,2
1469,SJCW,SBEG,2
1470,SBCM,SBGR,31
1471,SBUR,SBGR,208
1472,SBAU,SBUR,8
1473,SBCT,SBFZ,112
1474,SBCR,SBLO,1
1475,SBCY,SBMG,1731
1476,SBLO,SBLO,103
1477,SBPA,SBCD,1
1478,SBQV,SBGR,3281
1479,SBGR,SBQV,3203
1480,SBVT,SBFZ,396
1481,SJTC,SBSJ,1
1482,SBCG,SBFI,40
1483,SBBH,SBJV,2
1484,SBJV,SBBH,3
1485,SBFI,SBFI,63
1486,SBMO,SBNT,24
1487,SBJI,SBRP,4
1488,SBAX,SBBR,10
1489,SBBR,SBBH,31
1490,SBCA,SBFI,10
1491,SBCY,SBBH,91
1492,SBFL,SBJV,6
1493,SBCA,SBNF,10
1494,SBRP,SBAE,4
1495,SBCA,SBBH,11
1496,SBGL,SBTV,1
1497,SBTV,SBVT,1
1498,SBVT,SBJR,1
1499,SBIL,SBGL,157
1500,SBBV,SWBV,3
1501,SWBV,SBBV,4
1502,SWRD,SBLO,34
1503,SBPL,SBAR,2
1504,SBCT,SBPF,29
1505,SJTC,SDSC,1
1506,SBEG,SBCG,3
1507,SBGL,SBCJ,1
1508,SBCJ,SBBR,242
1509,SBBR,SBCJ,240
1510,SBCJ,SBAR,1
1511,SBSN,SBMQ,129
1512,SBMQ,SBMD,1175
1513,SBMD,SBMQ,1225
1514,SBMQ,SBSN,122
1515,SBPL,SBSP,10
1516,SBKP,SDSC,31
1517,SBRP,SBFL,9
1518,SBRJ,SBCG,1100
1519,SBCG,SBRJ,1095
1520,SWTP,SBTF,94
1521,SBTF,SBUA,164
1522,SBEG,SWLB,310
1523,SBRF,SDSC,2
1524,SBRJ,SBFL,1202
1525,SBEG,SBJI,18
1526,SBRB,SBJI,8
1527,SBCF,SBCG,362
1528,SBCB,SBPA,14
1529,SBNT,SBNT,60
1530,SBNT,SBMS,203
1531,SBMS,SBRF,333
1532,SBMS,SBMS,3
1533,SBCF,SDSC,26
1534,SBRF,SBUF,70
1535,SBUF,SBRF,69
1536,SBJI,SBEG,14
1537,SBCZ,SBJI,2
1538,SDSC,SBBR,22
1539,SBGR,SBBT,3
1540,SBBR,SBCB,3
1541,SBBV,SWAE,1
1542,SWAE,SBBV,1
1543,SBBT,SBGR,2
1544,SBGR,SBUR,319
1545,SBKP,SBIP,20
1546,SBCT,SBNF,111
1547,SBGL,SBIP,12
1548,SBML,SBGL,1
1549,SBIP,SBML,1
1550,SBPA,SBCY,192
1551,SNMJ,SNIU,1
1552,SBSV,SNMJ,1
1553,SBCA,SBCA,67
1554,SBRJ,SBBT,1
1555,SWGN,SBMA,1644
1556,SBFI,SBRP,7
1557,SBBT,SBRP,1
1558,SBHT,SWGI,1
1559,SBMA,SBHT,1718
1560,SBBR,SBCN,10
1561,SBBT,SBSR,1
1562,SBCB,SBCT,28
1563,SBJP,SBNT,383
1564,SBKP,SBTE,3693
1565,SBPV,SBGL,30
1566,SNIC,SBSV,2
1567,SBTE,SBKP,3852
1568,SBTC,SBCF,163
1569,SBCF,SBCB,1078
1570,SBTE,SBTE,51
1571,SBAR,SBFZ,30
1572,SBRP,SNGI,2
1573,SNGI,SBRP,2
1574,SBMC,SWFX,6
1575,SBIL,SBAR,3
1576,SBCF,SBFI,410
1577,SBSR,SBBH,8
1578,SDOW,SBBE,4
1579,SBSR,SBML,176
1580,SBML,SBSR,187
1581,SBAX,SBCF,55
1582,SNTF,SBSV,45
1583,SBSV,SNTF,42
1584,SBCR,SSDO,1
1585,SBBR,SJHG,5
1586,SBIH,SBEG,1411
1587,SBMG,SBSR,1
1588,SBEG,SBTB,1083
1589,SBEG,SBIH,1477
1590,SBMO,SBUF,147
1591,SBUF,SBMO,147
1592,SBMS,SBNT,201
1593,SBTB,SBEG,1207
1594,SBCH,SBPA,2928
1595,SBBH,SBAR,3
1596,SBPV,SBBH,4
1597,SWPC,SBEG,2
1598,SBEG,SWPC,2
1599,SBPL,SBBR,1654
1600,SBDN,SBSR,5
1601,SBSR,SBDN,5
1602,SBBH,SBAU,6
1603,SJHG,SBBR,15
1604,SBRF,SBSJ,16
1605,SBSR,SJTC,2
1606,SBFI,SBRJ,397
1607,SBTB,SBIH,20
1608,SBPA,SBBH,72
1609,SBGL,SBCP,350
1610,SBCP,SBGL,374
1611,SBFL,SBRP,12
1612,SBSR,SBKP,13452
1613,SBCB,SBGL,27
1614,SBBH,SBPA,55
1615,SNPD,SNPD,1
1616,SBIP,SBKP,20
1617,SBCT,SBEG,3
1618,SBKP,SBUL,6516
1619,SBTE,SBGR,6554
1620,SBUF,SBSV,267
1621,SBSV,SBUF,267
1622,SBCY,SBRJ,4
1623,SBPV,SBSN,23
1624,SBCM,SBCT,391
1625,SBGR,SBCM,10
1626,SBRJ,SBDN,1
1627,SBAR,SBKP,2889
1628,SBUL,SBMA,1
1629,SBFL,SBGO,1
1630,SBBE,SBGO,14
1631,SBMO,SBGO,48
1632,SBGR,SBMQ,10
1633,SBBH,SBFL,7
1634,SBDN,SBGL,1
1635,SBMO,SBFL,4
1636,SBCB,SBGR,25
1637,SBVT,SBRF,391
1638,SBEG,SBGO,12
1639,SBTE,SBGO,8
1640,SBBR,SBPL,1654
1641,SBJV,SBCA,12
1642,SBKP,SBFI,4550
1643,SNBR,SBRP,4
1644,SBMC,SJHG,2
1645,SBCT,SBSJ,1397
1646,SBKP,SBPL,1207
1647,SBCT,SBGO,549
1648,SBVT,SBCB,58
1649,SBSV,SBSL,1
1650,SBAU,SBBH,12
1651,SBCH,SSER,78
1652,SBAN,SBGO,1
1653,SBRP,SBAN,1
1654,SBMA,SWGN,1617
1655,SBHT,SBMA,1702
1656,SWGN,SBPJ,4012
1657,SBGR,SBCB,15
1658,SBCB,SBSV,1
1659,SBCB,SBSP,10
1660,SWUY,SBTF,7
1661,SBSP,SBCB,11
1662,SBBH,SDSC,6
1663,SDSC,SBBH,9
1664,SBSL,SBNT,13
1665,SSER,SBCH,49
1666,SBTE,SBSV,4
1667,SBPV,SBCG,35
1668,SBGR,SBTE,6572
1669,SBAE,SBSR,5
1670,SBMG,SBAE,9
1671,SBCT,SBCN,5
1672,SBCN,SBCT,6
1673,SBEG,SBSV,179
1674,SBSR,SBAE,8
1675,SBCG,SBRB,1
1676,SBCZ,SBCY,4
1677,SWKO,SBUY,784
1678,SBUY,SBTF,490
1679,SBBE,SBIZ,10
1680,SBPL,SBMO,3
1681,SBAU,SBMG,2
1682,SBMA,SBAA,4
1683,SBEG,SBUY,8677
1684,SBAE,SBMG,5
1685,SBVT,SBSJ,26
1686,SBTF,SBUY,595
1687,SBUY,SBEG,8782
1688,SBUY,SWKO,770
1689,SBUY,SWCA,1773
1690,SWCA,SBUY,1749
1691,SBQV,SNGI,17
1692,SBQV,SBQV,25
1693,SBQV,SBRP,25
1694,SBLO,SBGL,24
1695,SBSJ,SBCT,1391
1696,SBCT,SBVT,210
1697,SBCF,SBSJ,2624
1698,SBUL,SBMK,6
1699,SBEG,SBCZ,171
1700,SNKE,SNDC,3
1701,SDOW,SNKE,1
1702,SBCZ,SBEG,175
1703,SNKE,SDOW,1
1704,SBRB,SBGO,5
1705,SBGR,SBVG,732
1706,SBVG,SBJF,446
1707,SBVG,SBGR,692
1708,SBJF,SBVG,419
1709,SBPV,SBCZ,9
1710,SBGR,SBCA,822
1711,SBRP,SBCG,393
1712,SBCF,SBMK,13205
1713,SBMK,SBSP,29
1714,SBAE,SBDN,154
1715,SBMK,SBCF,13114
1716,SBCF,SBMA,997
1717,SBMA,SBCF,951
1718,SBMK,SBGL,2
1719,SBMA,SBGL,6
1720,SBSV,SBSJ,11
1721,SBSL,SBSP,298
1722,SBCF,SBPV,2637
1723,SBFZ,SBRJ,6
1724,SBSJ,SDSC,11
1725,SBBE,SBMN,1
1726,SBKP,SBSN,13
1727,SBVG,SBBH,668
1728,SBVG,SBRP,1
1729,SBRF,SBMS,376
1730,SBRP,SBPA,706
1731,SBBH,SBVG,652
1732,SBMS,SBJP,2
1733,SDSC,SBSJ,12
1734,SBVG,SBRJ,9
1735,SBBE,SBSJ,2
1736,SBMQ,SBCF,2
1737,SBRJ,SBVG,3
1738,SBUY,SBSN,1
1739,SNBR,SBLE,1
1740,SBLO,SSDO,5
1741,SSDO,SBCY,2
1742,SBPA,SBRP,714
1743,SBMQ,SBSL,10
1744,SBPF,SBPF,20
1745,SBSL,SBGO,8
1746,SBPV,SBGO,14
1747,SBGO,SBPA,360
1748,SBCG,SBRP,402
1749,SBBE,SBSV,566
1750,SBVT,SBEG,1
1751,SBGO,SBMA,1
1752,SBBR,SBUR,18
1753,SBSN,SBBH,1
1754,SBCG,SBEG,5
1755,SBGR,SBPJ,624
1756,SBPJ,SBSL,5
1757,SBRJ,SBLO,68
1758,SBMK,SBKP,13
1759,SBJI,SBJI,12
1760,SNDC,SDOW,2
1761,SBFZ,SBPS,2
1762,SWKO,SWKO,1
1763,SBCD,SSER,39
1764,SBGL,SBMG,33
1765,SBUG,SBPF,1
1766,SBCB,SBJF,28
1767,SBKP,SBBI,2
1768,SBPJ,SBCF,19
1769,SBPS,SBPJ,2
1770,SBBI,SBKP,2
1771,SBBH,SBNT,2
1772,SBGL,SBFN,2
1773,SWFX,SBMC,12
1774,SBJU,SBGL,11
1775,SBNF,SBRP,133
1776,SBRP,SBNF,126
1777,SBCT,SSER,21
1778,SBSJ,SBJV,5
1779,SBAE,SBKP,4990
1780,SBCA,SBDN,3
1781,SBKP,SBIL,3081
1782,SBFZ,SBSJ,3
1783,SBGO,SBVT,4
1784,SBVT,SBAU,1
1785,SBAU,SBCG,86
1786,SBDN,SBAE,153
1787,SBAE,SBAE,40
1788,SBRF,SBGO,859
1789,SBAX,SBUL,382
1790,SBNT,SBCY,16
1791,SWGN,SBGO,306
1792,SBUL,SBMO,41
1793,SBMO,SBUL,40
1794,SSER,SSER,2
1795,SBBV,SBSN,12
1796,SBBE,SBPV,96
1797,SBBE,SBBV,29
1798,SBBV,SBGR,6
1799,SBTF,SBTF,17
1800,SBLO,SBSR,3
1801,SBBV,SBBE,11
1802,SDSC,SBKP,33
1803,SBEG,SBSP,9
1804,SBLO,SBNT,6
1805,SBNT,SBCT,7
1806,SBIH,SBHT,651
1807,SBUY,SBUY,27
1808,SBRF,SBCY,225
1809,SBCF,SBTE,58
1810,SBJR,SDTK,1
1811,SDTK,SBRJ,3
1812,SBIL,SBPS,654
1813,SBEG,SWCA,719
1814,SBRJ,SDTK,2
1815,SBTV,SBSV,1
1816,SNVB,SBLE,1
1817,SBSV,SBTV,1
1818,SBRP,SBQV,11
1819,SBGV,SBGV,11
1820,SBUR,SBBR,25
1821,SBGV,SBMK,1
1822,SBFL,SBVT,2
1823,SBNT,SBLO,4
1824,SBFZ,SBPL,9
1825,SBCY,SBNT,15
1826,SBPL,SBKP,1961
1827,SBPL,SBPS,2
1828,SBPS,SBPL,2
1829,SDSC,SBCF,19
1830,SBPJ,SBRF,32
1831,SBRJ,SDAG,2
1832,SDAG,SBRJ,1
1833,SDAG,SBGL,1
1834,SBGL,SBBZ,1
1835,SBRF,SBPJ,28
1836,SBMA,SBGO,6
1837,SBPL,SBGO,6
1838,SBPA,SBFZ,95
1839,SBFZ,SBPA,102
1840,SBIZ,SBBE,9
1841,SBSP,SBRF,5156
1842,SBIZ,SBMA,4
1843,SBGO,SBCN,174
1844,SBTF,SWCA,149
1845,SBAE,SDSC,1
1846,SBPV,SBCT,5
1847,SBUR,SWLC,3
1848,SBBH,SBBE,33
1849,SBBH,SBSR,9
1850,SBPA,SBSR,4
1851,SBCJ,SBBH,1
1852,SBCY,SSDO,4
1853,SBGO,SBAQ,1
1854,SBAQ,SBBR,1
1855,SBGO,SWGN,300
1856,SBGO,SBRF,848
1857,SBSR,SBAQ,1
1858,SBAQ,SBPA,1
1859,SBJV,SBMG,11
1860,SBBE,SBRF,1726
1861,SBBR,SBAQ,1
1862,SBAQ,SBGR,1
1863,SBAQ,SBRP,1
1864,SBCT,SBAQ,1
1865,SBSL,SBMQ,3
1866,SBSN,SBMA,3
1867,SBCX,SBGL,7
1868,SBMQ,SBTE,2
1869,SBTE,SBBE,6
1870,SBCG,SBAU,83
1871,SBMA,SBSL,1
1872,SBEG,SBTE,11
1873,SBMQ,SBMA,1
1874,SBMQ,SBGL,2
1875,SBPJ,SBGR,634
1876,SBME,SBKP,1009
1877,SBSJ,SBVT,13
1878,SBBH,SBME,31
1879,SBPF,SBCX,1
1880,SBPA,SDSC,1
1881,SBLO,SBRJ,54
1882,SBAT,SBEG,3
1883,SBSR,SBUR,4
1884,SBPS,SBIL,97
1885,SWCA,SBEG,722
1886,SBGO,SWNS,1
1887,SWNS,SBGO,1
1888,SBGL,SDSC,112
1889,SBJU,SBAR,1
1890,SBAR,SBJU,2
1891,SBJU,SBCF,7
1892,SWGP,SBGO,8
1893,SBGO,SWGP,8
1894,SBUA,SWTP,40
1895,SBBV,SWJQ,1
1896,SBME,SBBH,28
1897,SJQK,SWBV,1
1898,SWBC,SBTF,8
1899,SBJP,SBCT,1
1900,SBBE,SBNT,7
1901,SBME,SBUR,1
1902,SBSJ,SBPA,20
1903,SBJU,SBGR,4899
1904,SSER,SBCT,36
1905,SBGR,SBAX,198
1906,SBAX,SBGR,599
1907,SBUL,SBAX,958
1908,SBQV,SBKP,5
1909,SWEI,SBEG,15
1910,SBKP,SBCB,224
1911,SBSR,SBLO,1
1912,SJLU,SBBV,2
1913,SBBV,SJLU,2
1914,SBCJ,SBSL,2
1915,SBSN,SBBR,893
1916,SBSL,SBPJ,14
1917,SBAU,SBRP,9
1918,SBPJ,SBGL,4
1919,SBPV,SBSP,8
1920,SBBH,SBHT,7
1921,SBHT,SBBH,6
1922,SBCA,SBKP,3976
1923,SBAR,SBUF,1
1924,SSUM,SBCT,140
1925,SBCT,SSUM,172
1926,SDSC,SDSC,15
1927,SWQR,SBBV,1
1928,SJQK,SWQR,1
1929,SBTF,SDCG,167
1930,SBBG,SBVG,1
1931,SBNM,SSZR,2
1932,SBBR,SBSJ,6
1933,SWDE,SBGO,2
1934,SBGO,SWDE,2
1935,SBTC,SBAR,2
1936,SBSR,SBGO,3
1937,SBPJ,SBMA,211
1938,SWLC,SBUR,8
1939,SBPV,SBTE,18
1940,SNBR,SBGO,2
1941,SBSP,SBPV,1
1942,SBPV,SBKP,29
1943,SBTE,SBPV,26
1944,SBPV,SBBE,31
1945,SNBU,SNGI,3
1946,SBSV,SNBU,3
1947,SBTE,SBMQ,1
1948,SBBV,SJLM,2
1949,SJLM,SBBV,2
1950,SBJP,SBTE,1
1951,SWRD,SBAU,1612
1952,SBAU,SWRD,1619
1953,SBTE,SBNT,5
1954,SBPS,SBQV,1
1955,SWDE,SWDE,1
1956,SBRP,SDSC,2
1957,SBKP,SBUR,5333
1958,SBUR,SBKP,5334
1959,SBIP,SBRP,1
1960,SBKP,SBDN,7815
1961,SBJV,SBSJ,2
1962,SBLO,SBCF,29
1963,SWHG,SBGO,8
1964,SWHG,SWHG,2
1965,SBCG,SWHG,1
1966,SDMC,SBJR,1
1967,SBJR,SDMC,2
1968,SDMC,SDMC,1
1969,SBSR,SBSJ,1
1970,SBGO,SWHG,7
1971,SBLO,SBCX,9
1972,SBCY,SBUL,24
1973,SBCH,SSJA,4
1974,SSJA,SBCH,36
1975,SBCH,SBNF,70
1976,SBFI,SBNF,25
1977,SBRJ,SBMG,7
1978,SBCT,SDSC,46
1979,SBMQ,SBFZ,2
1980,SBGL,SBMQ,6
1981,SBTC,SBIL,1
1982,SBHT,SBTB,21
1983,SBHT,SBHT,17
1984,SBEG,SBCY,60
1985,SBSV,SIRI,2
1986,SIRI,SBSV,2
1987,SBNT,SDSC,1
1988,SBUR,SBAU,8
1989,SBPV,SBBV,7
1990,SBCT,SSFB,462
1991,SSCK,SBCT,116
1992,SSFB,SSCK,90
1993,SBCH,SSCK,23
1994,SBCD,SBCH,23
1995,SBFL,SBSJ,6
1996,SBUR,SBUR,33
1997,SBSV,SNIC,1
1998,SNIC,SBPL,1
1999,SBTF,SBSN,2
2000,SBUL,SWGI,1
2001,SBMO,SBJP,629
2002,SBBH,SBRF,24
2003,SBRF,SBBH,38
2004,SBFL,SBRJ,1104
2005,SBAU,SBCY,32
2006,SNGI,SNBU,1
2007,SNBU,SBSV,1
2008,SBPS,SNVB,1
2009,SSCK,SBCD,1
2010,SWRD,SWRD,2
2011,SBBH,SWRD,1
2012,SBDN,SBDN,55
2013,SSUM,SBBI,3
2014,SBMA,SBPJ,223
2015,SBGL,SNJR,1
2016,SNJR,SBGL,1
2017,SBGO,SWHP,2
2018,SWHP,SBGO,2
2019,SBNT,SBTC,4
2020,SBBH,SBCM,14
2021,SBCM,SBCH,5
2022,SBSJ,SBVG,201
2023,SBVG,SBSJ,201
2024,SBCH,SBCM,1
2025,SBCM,SBBH,17
2026,SBRP,SBJU,7
2027,SBBH,SBCP,48
2028,SBRJ,SDMC,1
2029,SDMC,SBRJ,2
2030,SBMK,SBGO,2
2031,SBRP,SBVT,3
2032,SBBH,SBJD,30
2033,SBRJ,SDSC,3
2034,SBCT,SBJD,88
2035,SBJD,SBPA,97
2036,SBAU,SBUL,1
2037,SBUL,SBSJ,1
2038,SBUR,SBRJ,1
2039,SBSJ,SBUL,1
2040,SBKP,SBVG,546
2041,SBCB,SBSJ,1
2042,SBCY,SDSC,1
2043,SBCY,SBPA,187
2044,SBRJ,SBMC,1
2045,SBJU,SBKP,2241
2046,SBKP,SBJU,3317
2047,SBKP,SBPJ,379
2048,SBPJ,SBKP,392
2049,SBAU,SBAU,38
2050,SBFI,SBGO,1
2051,SBRP,SWKC,2
2052,SBTE,SBVT,1
2053,SBVG,SBDN,1
2054,SWKC,SBSV,1
2055,SBPJ,SBPJ,34
2056,SBMG,SBFL,32
2057,SBJR,SBSJ,1
2058,SBPA,SBJD,12
2059,SSER,SSCK,4
2060,SSCK,SSJA,8
2061,SBFL,SBBH,5
2062,SSFB,SBCT,15
2063,SBCT,SSCK,6
2064,SSFB,SBCH,354
2065,SBCT,SBCM,398
2066,SBMK,SBSV,302
2067,SBSV,SBMK,214
2068,SBLP,SBQV,1
2069,SBNM,SBUG,1
2070,SBBH,SBDB,1
2071,SBCG,SBPV,9
2072,SNPD,SBUL,303
2073,SBCY,SBAU,25
2074,SBKP,SBAE,4705
2075,SBJD,SBTR,3
2076,SBFL,SBCG,6
2077,SBJD,SBFL,1
2078,SBKP,SBJD,2
2079,SBRP,SWRD,449
2080,SWRD,SBRP,453
2081,SBBR,SWSI,1589
2082,SWSI,SBBR,1597
2083,SBAT,SBSN,159
2084,SBSN,SBAT,148
2085,SSDO,SBDN,150
2086,SBDN,SSDO,148
2087,SWRD,SBSR,99
2088,SBSR,SWRD,97
2089,SBMK,SBVT,14
2090,SBME,SBME,45
2091,SBVG,SBKP,463
2092,SBIL,SBPL,1
2093,SBIL,SBGO,3
2094,SBCY,SBPS,35
2095,SBHT,SBEG,30
2096,SBPS,SBSL,2
2097,SBEG,SBMN,1
2098,SBJU,SBSL,1
2099,SBSL,SBRF,2192
2100,SJHG,SBMC,2
2101,SBJV,SBLO,16
2102,SBRJ,SBJV,9
2103,SBBR,SBJV,1
2104,SBRP,SWGN,1
2105,SBAT,SBRP,2
2106,SBPS,SBCJ,1
2107,SBCF,SBPJ,15
2108,SBBH,SBPJ,2
2109,SBFZ,SNBR,1
2110,SBGO,SBAT,6
2111,SBPS,SBCY,34
2112,SBRP,SBJI,1
2113,SBPS,SBNF,2
2114,SBPF,SSCK,2
2115,SBPS,SBJV,1
2116,SBCT,SSDO,4
2117,SBRF,SBSL,2393
2118,SBNF,SBPS,1
2119,SBCP,SBIP,6
2120,SBIP,SBGL,4
2121,SBIP,SBCP,7
2122,SBRP,SBMK,2
2123,SBBR,SBCZ,2
2124,SBSN,SWKO,1
2125,SBGO,SBLO,8
2126,SWKO,SBJI,1
2127,SBJI,SBGO,14
2128,SBCG,SBDN,12
2129,SBSV,SNAV,3
2130,SNAV,SBPL,1
2131,SBPL,SBQV,1
2132,SBRP,SBYS,2
2133,SBYS,SBRP,2
2134,SBKP,SBYS,1
2135,SBYS,SBKP,1
2136,SBCY,SSKW,2292
2137,SSKW,SBJI,10
2138,SBSL,SBPV,31
2139,SBKP,SDZY,117
2140,SDZY,SBKP,123
2141,SBTD,SSUM,1351
2142,SSUM,SBTD,1351
2143,SBCT,SSPB,85
2144,SBJV,SBDN,8
2145,SBSJ,SBIP,1
2146,SBGR,SBPL,737
2147,SNGI,SNGI,1
2148,SBIP,SBSJ,5
2149,SBRJ,SNBA,2
2150,SBBH,SNBA,2
2151,SNBA,SBRJ,2
2152,SNBA,SBBH,2
2153,SBGR,SNBA,3
2154,SNBA,SBGR,3
2155,SBTD,SBCT,1534
2156,SBCT,SBTD,1535
2157,SBCF,SBRB,14
2158,SBCN,SBGO,260
2159,SBGP,SBPA,2
2160,SBDN,SBSJ,2
2161,SBLO,SBCH,255
2162,SBCH,SBLO,254
2163,SBKP,SBZM,3766
2164,SBZM,SBKP,3770
2165,SBBR,SBIL,2966
2166,SBIL,SBBR,2978
2167,SBGR,SWRD,32
2168,SWRD,SBGR,43
2169,SBGL,SBJV,4
2170,SWKC,SSKW,1
2171,SBPJ,SBUL,6
2172,SSKW,SBCY,2221
2173,SBAR,SBBH,11
2174,SBPV,SBSL,84
2175,SBSN,SBPV,4
2176,SBSN,SBFZ,19
2177,SBML,SBBU,1
2178,SBBH,SBBU,1
2179,SBBU,SBGR,1
2180,SBPA,SBUL,1
2181,SBBU,SBBH,1
2182,SBAX,SBGL,1
2183,SBGR,SBGV,10
2184,SBGV,SBGR,5
2185,SBBH,SBPV,1
2186,SBKP,SBDB,453
2187,SBVT,SBLE,1
2188,SBTR,SBTR,1
2189,SNAV,SBSV,3
2190,SBJU,SBRP,4
2191,SBEG,SBRP,24
2192,SBGO,SBCI,1
2193,SBLO,SBSJ,1
2194,SBCI,SBGO,1
2195,SBSR,SDSC,3
2196,SBCY,SBCZ,1
2197,SBJV,SBJF,1
2198,SBGO,SBAN,1
2199,SBAN,SBRP,1
2200,SBMK,SBRP,1
2201,SBIZ,SBPJ,1
2202,SBTT,SWKC,1
2203,SBJU,SBGO,5
2204,SBPJ,SBCJ,214
2205,SBCJ,SBPJ,215
2206,SBZM,SBRJ,26
2207,SBBH,SBZM,258
2208,SBZM,SBGR,57
2209,SBTD,SBFI,1
2210,SBFI,SBTD,1
2211,SBAA,SJHG,28
2212,SJHG,SBAA,28
2213,SBCF,SBCY,1679
2214,SBMA,SBTU,17
2215,SBIL,SNGI,1
2216,SBFZ,SNDR,1
2217,SNDR,SBTE,1
2218,SBZM,SBBH,258
2219,SBRJ,SBZM,30
2220,SBCN,SBRJ,18
2221,SBCP,SBGV,1
2222,SBNT,SBBE,5
2223,SBPA,SBMG,768
2224,SBMG,SBPS,15
2225,SBGR,SBZM,37
2226,SBPV,SBMA,1
2227,SBMA,SBTE,1
2228,SBTE,SBRB,1
2229,SBNT,SBTU,1
2230,SBMA,SBRP,1
2231,SBEG,SWOB,2
2232,SDCG,SBEG,1
2233,SBME,SBJF,1
2234,SBZM,SBZM,4
2235,SBJP,SBSJ,1
2236,SBCG,SBAT,1
2237,SBSN,SBCY,4
2238,SBPS,SBFI,7
2239,SBCH,SBCG,1
2240,SBPV,SWSI,1
2241,SBCT,SWRD,4
2242,SBTC,SBRF,5
2243,SBLO,SBAE,3
2244,SNGI,SBIL,1
2245,SBCY,SBSJ,8
2246,SBZM,SBVG,6
2247,SBVG,SBZM,11
2248,SBKP,SBCX,2672
2249,SBSV,SBKG,3631
2250,SBKG,SBSV,3634
2251,SBSN,SWSI,8
2252,SBTD,SBTD,2
2253,SBTD,SBCA,1
2254,SBPV,SBAT,1
2255,SWKC,SBRP,1
2256,SDSC,SBPA,2
2257,SBBH,SDAM,4
2258,SDAM,SBAE,3
2259,SBEG,SWEI,7
2260,SBLO,SBML,3
2261,SBML,SDAM,3
2262,SWRD,SBDN,2
2263,SBAE,SDAM,1
2264,SBUR,SDZY,1
2265,SDZY,SDZY,1
2266,SBPL,SBJU,2
2267,SBEG,SBRF,603
2268,SBGR,SBPV,772
2269,SBBR,SBAT,5
2270,SBMG,SBRJ,7
2271,SBPJ,SBBE,202
2272,SWIQ,SBBR,447
2273,SBRJ,SDZY,1
2274,SDZY,SBRJ,1
2275,SBCA,SBGL,2
2276,SBEG,SBVT,10
2277,SBBR,SWIQ,475
2278,SWIQ,SWGI,367
2279,SWGI,SWIQ,317
2280,SBNF,SBRJ,1557
2281,SBTU,SBPJ,2
2282,SBBH,SBMA,2
2283,SBMA,SBBH,6
2284,SBVT,SBJP,1
2285,SBAA,SBAA,1
2286,SBSJ,SBPJ,1
2287,SBGO,SBEG,6
2288,SBAX,SBRJ,2
2289,SBRJ,SBNF,1570
2290,SBBV,SBMQ,2
2291,SBTC,SBRP,10
2292,SBEG,SBCT,4
2293,SBCJ,SNDC,1
2294,SBGO,SBMO,42
2295,SWFX,SWIQ,27
2296,SBCN,SBCN,7
2297,SBCT,SBBE,1
2298,SBBE,SBCT,1
2299,SBKP,SBSL,115
2300,SBTE,SBCT,1
2301,SBAX,SBIP,1
2302,SBSV,SNKI,1
2303,SNKI,SBVT,1
2304,SBNT,SBMA,1
2305,SBMG,SBMO,28
2306,SBMK,SBCJ,1
2307,SBCY,SBSV,57
2308,SBSV,SBCY,62
2309,SBCY,SBBE,282
2310,SBPJ,SBMO,1
2311,SBPJ,SBTE,2
2312,SBMO,SBPJ,1
2313,SSKW,SBPV,923
2314,SBVH,SSKW,764
2315,SBZM,SBJF,12
2316,SBPV,SSKW,823
2317,SSKW,SBVH,710
2318,SBMO,SBMG,28
2319,SBSL,SBRB,5
2320,SBPS,SBMG,14
2321,SBGO,SBUR,6
2322,SBAX,SBRP,1
2323,SBUL,SBPJ,1
2324,SBME,SBSJ,5
2325,SWLC,SBBH,18
2326,SBSL,SBCY,1
2327,SBUL,SBSV,7
2328,SBGV,SBCP,1
2329,SBPS,SBIP,1
2330,SBRB,SBBE,1
2331,SBGR,SBRB,220
2332,SBAT,SBAT,16
2333,SBJU,SBSP,7
2334,SBMG,SBCH,2
2335,SBCH,SBMG,2
2336,SBPV,SBRJ,1
2337,SWRD,SBKP,17
2338,SBAA,SWFX,1
2339,SWFX,SBAA,1
2340,SBCY,SBML,1
2341,SBSJ,SBDN,1
2342,SBPF,SBBR,5
2343,SBSR,SBPA,2
2344,SBSR,SBCT,1
2345,SBPV,SBFZ,1
2346,SBMK,SBMK,41
2347,SBJU,SBJP,1
2348,SBPA,SBMK,1
2349,SBGO,SWSI,26
2350,SBTF,SWBC,1
2351,SBGV,SBCF,1456
2352,SBPF,SBGL,1
2353,SBUA,SBUA,2
2354,SWSI,SBGO,33
2355,SBRF,SBQV,2
2356,SBSR,SBIL,1
2357,SBKP,SBBE,1090
2358,SBJV,SBCF,7
2359,SJHG,SWIQ,4
2360,SBCM,SBCF,1
2361,SBRB,SBSL,5
2362,SBLO,SBBH,23
2363,SBCF,SBLO,8
2364,SBPJ,SBSR,1
2365,SBJI,SSKW,5
2366,SBPF,SBFL,116
2367,SBRP,SBFI,1
2368,SBFZ,SBBV,5
2369,SBAT,SWRD,6
2370,SBSL,SBCT,1
2371,SBSV,SBPV,1
2372,SBMO,SBCG,7
2373,SBBH,SBCH,5
2374,SBAT,SBCF,1
2375,SBTE,SBRF,2153
2376,SBBV,SBRB,1
2377,SBCF,SBCH,8
2378,SBCH,SBBH,11
2379,SBKP,SBCH,3850
2380,SBCH,SBKP,3850
2381,SBBH,SBPC,51
2382,SBPC,SBBH,40
2383,SBCF,SBMG,9
2384,SBSV,SBUL,9
2385,SDOW,SDOW,1
2386,SBAT,SBPV,1
2387,SBBE,SBAT,1
2388,SBCT,SBMK,3
2389,SBSJ,SBSL,1
2390,SBGO,SBFL,1
2391,SBFL,SDCO,1
2392,SDCO,SBRP,1
2393,SBSL,SBVT,6
2394,SWKO,SBSN,1
2395,SBBE,SBFL,2
2396,SBGO,SDUB,2
2397,SDUB,SBGO,2
2398,SBRP,SBCM,1
2399,SBFZ,SBTC,1
2400,SWIQ,SWFX,6
2401,SBDN,SBUR,1
2402,SBMQ,SBBR,1414
2403,SBBV,SBPV,3
2404,SBCY,SBUY,1
2405,SBJI,SWRD,5
2406,SDSC,SBVT,1
2407,SBAA,SBPJ,75
2408,SBPJ,SBAA,73
2409,SBGO,SBSJ,6
2410,SBPJ,SWGI,320
2411,SWGI,SBPJ,316
2412,SWIQ,SJHG,4
2413,SBBH,SBMO,3
2414,SBSR,SBRF,1
2415,SBJF,SBJF,5
2416,SBCA,SBRP,5
2417,SBCH,SBRP,4
2418,SBRP,SBAT,1
2419,SWSI,SBRP,8
2420,SBCT,SBRF,503
2421,SWYY,SWDB,1
2422,SWHP,SWYY,1
2423,SWDB,SBGO,1
2424,SBFZ,SBPV,3
2425,SBCT,SBUL,3
2426,SBKP,SBMK,14
2427,SBCF,SBJV,7
2428,SBCT,SBCB,6
2429,SBRP,SWSI,6
2430,SBPJ,SNDC,1108
2431,SBFI,SBJV,12
2432,SBRP,SBCJ,1
2433,SBCJ,SBRP,1
2434,SBHT,SBIH,718
2435,SNDC,SBPJ,1102
2436,SBFI,SBDN,4
2437,SBIZ,SBPV,2
2438,SBRB,SBIZ,1
2439,SBEG,SBHT,56
2440,SBPJ,SBEG,2
2441,SBJI,SBCF,1
2442,SBSP,SBAR,1196
2443,SDSC,SBRJ,5
2444,SBMK,SBUL,2
2445,SDRS,SBGR,99
2446,SBJF,SDRS,83
2447,SDRS,SBJF,85
2448,SBGR,SDRS,103
2449,SBJP,SBKG,50
2450,SBRB,SBBH,1
2451,SBAR,SBSR,1
2452,SBRP,SIMK,2
2453,SNMH,SBGO,19
2454,SBGO,SNMH,19
2455,SSDO,SBMG,1
2456,SIMK,SBUL,1
2457,SWRD,SBAE,7
2458,SBBH,SBLO,23
2459,SBSV,SDSC,1
2460,SBZM,SBGL,5
2461,SBSV,SBCB,5
2462,SBIH,SBBE,2
2463,SBEG,SBIZ,1
2464,SBUL,SBPA,1
2465,SIMK,SBBR,1
2466,SBGO,SBJI,2
2467,SBMG,SBGO,1
2468,SBAE,SBLO,1
2469,SBEG,SBUL,1
2470,SBVT,SBGO,2
2471,SBMA,SJGU,14
2472,SJGU,SBMA,14
2473,SBAE,SBCY,1
2474,SBGL,SBCX,6
2475,SBRF,SBTE,2141
2476,SBRB,SBTE,1
2477,SBNF,SBFI,28
2478,SBRP,SBCA,5
2479,SBIL,SBPA,1
2480,SBBR,SBNF,13
2481,SBSJ,SBML,1
2482,SBJV,SBCG,2
2483,SBJV,SBBR,2
2484,SBDN,SWRD,12
2485,SBPA,SBDN,33
2486,SBDN,SBCA,2
2487,SBDN,SBRJ,1
2488,SJRG,SJRG,2
2489,SBNT,SBTE,1
2490,SBJV,SBRJ,6
2491,SBBH,SBPL,1
2492,SBGO,SJHG,1
2493,SBPJ,SJHG,33
2494,SJHG,SBPJ,349
2495,SBPL,SBSR,2
2496,SBEG,SBCB,25
2497,SBJV,SBGL,9
2498,SBLO,SBGO,8
2499,SBGO,SNXL,1
2500,SNXL,SWHP,1
2501,SBBH,SNBR,2
2502,SBRP,SBBW,1
2503,SBBE,SBIH,8
2504,SNBR,SBJF,1
2505,SBBW,SBVH,1
2506,SBVH,SBRP,1
2507,SBIP,SBPS,1
2508,SBBE,SBCG,1
2509,SBMO,SBVT,5
2510,SBRJ,SBCN,20
2511,SDAM,SBBH,1
2512,SBBE,SNDC,1
2513,SWGN,SBBE,9
2514,SBAR,SBRP,2
2515,SBNT,SBSJ,1
2516,SBTE,SBRP,9
2517,SBIL,SBSJ,5
2518,SBIP,SBJF,2
2519,SBSJ,SBCB,1
2520,SBCB,SBVT,2
2521,SDSC,SBCT,45
2522,SBGO,SWRD,1
2523,SBSJ,SBME,5
2524,SWHT,SBPV,308
2525,SBIL,SBSR,2
2526,SBML,SBBH,3
2527,SBGL,SBCN,9
2528,SBCN,SBGL,10
2529,SBPJ,SDOW,1
2530,SBRP,SNBA,2
2531,SNBA,SBQV,1
2532,SDSC,SBUL,3
2533,SBUL,SDSC,2
2534,SBSL,SBSR,1
2535,SBQV,SBSJ,2
2536,SBDO,SBCA,103
2537,SBCG,SBDO,141
2538,SBCA,SBDO,129
2539,SBDO,SBCG,147
2540,SBGO,SBBE,1
2541,SBVG,SBCP,2
2542,SBHT,SBSL,10
2543,SBBE,SBRB,1
2544,SBCP,SBVG,1
2545,SBVG,SBGL,1
2546,SBMK,SBQV,349
2547,SBQV,SBMK,351
2548,SBJV,SBFI,13
2549,SBMG,SBBR,16
2550,SBCJ,SBGR,1
2551,SWCA,SWEI,2
2552,SWRD,SBML,1
2553,SBPV,SWRD,5
2554,SWSI,SBCG,3
2555,SWOB,SBTF,6
2556,SBJI,SBCG,11
2557,SBRP,SBGP,3
2558,SBPJ,SWFX,429
2559,SWFX,SBPJ,69
2560,SBCZ,SWEI,1
2561,SBDO,SBCT,24
2562,SBUA,SBTT,2
2563,SWOB,SBEG,1
2564,SBTT,SDCG,2
2565,SBFI,SBDO,7
2566,SBCT,SBDO,2
2567,SBDN,SBDO,226
2568,SBDO,SBDN,221
2569,SBCZ,SWCA,1
2570,SBVG,SBCF,291
2571,SWNK,SBEG,5
2572,SBRP,SNPD,1
2573,SNPD,SBKP,1
2574,SBJV,SBSR,3
2575,SBTE,SBSJ,1
2576,SBEG,SBSR,5
2577,SBSJ,SBNF,1
2578,SBSJ,SBSV,1
2579,SBUL,SBEG,1
2580,SBCB,SBEG,1
2581,SBSV,SBFI,100
2582,SBUR,SBSJ,1
2583,SBSJ,SBEG,5
2584,SBKP,SBDO,3716
2585,SBSM,SBPK,3
2586,SBPF,SBPK,1
2587,SBLO,SWSI,1
2588,SBCA,SDSC,1
2589,SBPJ,SBIZ,5
2590,SBLO,SBUL,1
2591,SBFZ,SBKG,1
2592,SBPA,SBAT,1
2593,SBQV,SBCF,4394
2594,SBBE,SBPA,10
2595,SBMG,SBCF,12
2596,SBUR,SBSR,5
2597,SBCH,SBDN,1
2598,SBUR,SBGO,3
2599,SBCA,SBPA,13
2600,SBAR,SNRU,1
2601,SWOB,SBTT,1
2602,SNRU,SBNT,1
2603,SBVH,SWRD,1
2604,SBCH,SBBR,6
2605,SBFZ,SBFL,3
2606,SBRP,SDCO,1
2607,SDCO,SBCN,1
2608,SBCN,SBRP,4
2609,SSFB,SBPA,1
2610,SBCF,SBAX,120
2611,SBCA,SBCH,2
2612,SWGP,SWGP,1
2613,SBCG,SBVT,7
2614,SDRS,SBIP,1
2615,SDRS,SBVG,1
2616,SBEG,SBFL,1
2617,SBRB,SBPA,1
2618,SBBE,SDOW,1
2619,SBCN,SBUL,1
2620,SBDO,SBKP,3706
2621,SBCJ,SBVT,2
2622,SBFI,SBEG,1
2623,SBDO,SBCF,1
2624,SBCY,SBVT,5
2625,SBCX,SBJV,21
2626,SBME,SBCF,1
2627,SBFI,SBCH,5
2628,SBPS,SBSJ,3
2629,SBBR,SBMG,5
2630,SBDO,SBLO,3
2631,SBHT,SBCF,622
2632,SBCF,SBHT,631
2633,SBRJ,SBCX,3
2634,SBHT,SBBR,21
2635,SBBR,SBHT,22
2636,SBPL,SBSL,1
2637,SBGL,SBPL,13
2638,SBHT,SBJP,1
2639,SBTE,SBEG,1
2640,SBHT,SBSV,17
2641,SBSV,SBHT,19
2642,SBJV,SBCH,1
2643,SBPV,SBHT,36
2644,SBHT,SBRF,5
2645,SBRF,SBSN,5
2646,SBRJ,SBMK,6
2647,SSKW,SBBH,4
2648,SBFZ,SBCG,8
2649,SBRP,SBTC,8
2650,SBHT,SWGN,16
2651,SBPJ,SWIQ,96
2652,SBPN,SBPJ,16
2653,SWGI,SBPN,8
2654,SNDC,SBPN,8
2655,SBIP,SBVG,6
2656,SBIP,SBAX,8
2657,SWIQ,SBPJ,88
2658,SBQV,SNBR,5
2659,SBAX,SBAX,5
2660,SBLO,SBSV,4
2661,SBCP,SBCF,4
2662,SBCF,SBCP,5
2663,SBKP,SBCM,1816
2664,SBCM,SBKP,1808
2665,SBPL,SBFZ,10
2666,SBMA,SBSN,5
2667,SBCG,SBBE,5
2668,SBVT,SBFI,4
2669,SBIZ,SBTE,6
2670,SBEG,SDCG,4
2671,SBTT,SWCA,4
2672,SBKP,SBME,1028
2673,SBAX,SNPD,664
2674,SWSI,SWRD,4
2675,SBPA,SBZM,4
2676,SBDN,SBCF,7
2677,SBCF,SBTF,4
2678,SBZM,SBCT,4
2679,SDSC,SBRP,4
2680,SBGR,SBMK,293
2681,SBCY,SBZM,8
2682,SBCF,SBZM,96
2683,SBTE,SBPJ,13
2684,SBAN,SBBR,8
2685,SBNT,SBAN,4
2686,SBIL,SBAN,4
2687,SBJP,SBGO,9
2688,SBKP,SWLC,1910
2689,SWLC,SBKP,1902
2690,SNBR,SBPJ,4
2691,SBAE,SBRP,6
2692,SBCG,SBRF,4
2693,SBDO,SBDO,8
2694,SWIQ,SBGO,12
2695,SBSL,SBUL,6
2696,SBCA,SBPK,4
2697,SBCY,SBPJ,5
2698,SBSN,SBSP,4
2699,SBZM,SBCF,88
2700,SWHT,SBSN,4
2701,SBTT,SBSN,5
2702,SBDB,SBKP,473
2703,SBGL,SBBV,5
2704,SBPL,SBGL,8
2705,SBTE,SBSR,4
2706,SBIL,SBRP,5
2707,SBDO,SBAE,12
2708,SBCX,SBFI,4
2709,SBPK,SBBH,4
2710,SBRF,SBCG,12
2711,SBMA,SBKP,9
2712,SBKP,SBMA,4
2713,SBBH,SWLC,17
2714,SWPI,SWPI,4
2715,SBLJ,SBFL,37
2716,SSOE,SSCK,28
2717,SSCK,SBLJ,28
2718,SBCT,SSOE,32
2719,SSOE,SBCT,32
2720,SSCK,SSOE,28
2721,SBLJ,SSCK,28
2722,SBFL,SBLJ,33
2723,SBCF,SBJF,240
2724,SBBH,SBJU,4
2725,SBJF,SBZM,4
2726,SBJU,SBBH,4
2727,SBPJ,SBSV,5
2728,SBCF,SBCX,20
2729,SBCX,SBNF,21
2730,SBIP,SBCB,4
2731,SBQV,SBGV,4
2732,SBMG,SBSJ,5
2733,SBTC,SBVT,4
2734,SBJV,SBCX,8
2735,SWCA,SWCA,4
2736,SBCX,SBLO,8
2737,SBLJ,SSOE,4
2738,SBCT,SBLJ,153
2739,SBCA,SBCX,4
2740,SBPL,SBRP,5
2741,SBAR,SBSJ,8
2742,SBDO,SBRP,5
2743,SBRP,SBJF,4
2744,SBME,SBRP,4
2745,SBGR,SSTL,556
2746,SSTL,SBRP,180
2747,SBJP,SBSR,4
2748,SBPL,SBCF,11
2749,SSOE,SBFL,4
2750,SBSL,SBCJ,4
2751,SBBH,SBFZ,6
2752,SBKP,SBPF,3060
2753,SBKP,SWRD,24
2754,SBCP,SBSJ,4
2755,SBTT,SWEI,4
2756,SBSL,SBJU,4
2757,SBAE,SBCT,5
2758,SBKP,SNJR,104
2759,SNJR,SBVG,104
2760,SBDN,SBPA,12
2761,SBGO,SBPV,4
2762,SBAT,SBCG,4
2763,SBCG,SBJI,4
2764,SSKW,SWRD,8
2765,SBCM,SBAE,4
2766,SBFI,SBPF,4
2767,SBFI,SBCX,4
2768,SBSJ,SWRD,4
2769,SBIH,SBTB,6
2770,SBCF,SBTV,8
2771,SBTV,SBCF,8
2772,SBIL,SBQV,8
2773,SBVG,SDRS,184
2774,SDRS,SBKP,184
2775,SBPL,SBJP,5
2776,SBPA,SBCN,14
2777,SBCN,SBPA,14
2778,SBGO,SBSL,4
2779,SBCF,SBCN,313
2780,SBCN,SBCF,314
2781,SWOB,SWOB,4
2782,SBCY,SBMK,4
2783,SBMK,SBBR,4
2784,SBRB,SBPJ,4
2785,SBGR,SBCX,197
2786,SBCX,SBCH,4
2787,SBKP,SBPK,4
2788,SBEG,SWBR,5
2789,SBMG,SBCX,4
2790,SBNF,SBCX,4
2791,SBTF,SBCF,4
2792,SBPK,SBKP,8
2793,SBNF,SBCH,65
2794,SBGR,SWSI,11
2795,SBKG,SBJP,301
2796,SWSI,SBGR,11
2797,SBBR,SWCB,4
2798,SWCB,SBBR,4
2799,SBFZ,SDSC,6
2800,SBRJ,SBFI,342
2801,SSTL,SBGR,560
2802,SBPA,SBCB,6
2803,SBBR,SBCH,5
2804,SBPK,SBCH,4
2805,SBBE,SNEB,4
2806,SNEB,SBBE,4
2807,SBSR,SSTL,40
2808,SSTL,SBSR,40
2809,SBGO,SWIQ,4
2810,SBMO,SBBH,8
2811,SBRP,SSTL,176
2812,SBTB,SBTB,4
2813,SBGO,SBBW,386
2814,SBBW,SBGO,385
2815,SBGL,SBAU,4
2816,SJHG,SWGN,4
2817,SBKG,SBAR,4
2818,SBGO,SDOV,4
2819,SDOV,SBGO,8
2820,SBCM,SBGL,4
2821,SBGO,SWVC,4
2822,SJHG,SWVC,68
2823,SWVC,SBPJ,68
2824,SWVC,SBGO,4
2825,SBTF,SWTP,88
2826,SBUA,SBTF,148
2827,SBPJ,SWVC,24
2828,SWVC,SJHG,24
2829,SBFL,SBCY,4
2830,SBJF,SBSV,4
2831,SBAT,SBGO,5
2832,SBMK,SBUR,4
2833,SBGR,SBDO,305
2834,SBDO,SBGR,304
2835,SBGO,SJVO,36
2836,SJVO,SBGO,36
2837,SBGO,SWWA,4
2838,SWWA,SDOV,4
2839,SBTC,SBCY,4
2840,SNPD,SBIP,4
2841,SBGO,SNPP,4
2842,SBTC,SBGO,4
2843,SBCY,SBSL,12
2844,SNPP,SBQV,4
2845,SBQV,SBGO,4
2846,SBIZ,SBSP,5
2847,SBBE,SBTF,4
2848,SBGO,SBJV,4
2849,SBJV,SBGO,4
2850,SBSV,SBPJ,4
2851,SBPJ,SNBR,5
2852,SWVC,SWFX,4
2853,SBBH,SBNF,4
2854,SBUR,SSTL,4
2855,SWGI,SWGN,4
2856,SBPJ,SBHT,4
2857,SSTL,SBUR,4
2858,SBSR,SBCM,4
2859,SBKP,SBCP,8
2860,SBCR,SBCR,7
2861,SBCF,SWRD,4
2862,SBPA,SBPV,4
2863,SBMG,SBNF,12
2864,SBUL,SWRD,4
2865,SBSJ,SBSP,30
2866,SBUL,SBCY,8
2867,SWGN,SBHT,4
2868,SBCJ,SBMK,4
2869,SBHT,SBPJ,12
2870,SBKP,SBAQ,104
2871,SBAQ,SBKP,108
2872,SBUR,SBJF,4
2873,SBHT,SBPV,28
2874,SBSL,SBHT,8
2875,SBCY,SBTE,8
2876,SBTE,SBCY,8
2877,SBSJ,SBCG,8
2878,SBHT,SBKP,21
2879,SBCY,SBAR,8
2880,SBAR,SBCY,8
2881,SWGN,SNDC,4
2882,SBKP,SBHT,21
2883,SNDC,SWVC,4
2884,SBCP,SBKP,8
2885,SBHT,SDCO,1
2886,SBFI,SDCO,1
2887,SBMS,SBSV,1
2888,SDCO,SBKP,9
2889,SDCO,SBBH,6
2890,SBCF,SBIZ,86
2891,SBIZ,SBCF,88
2892,SBCF,SNBR,875
2893,SNBR,SBCF,871
2894,SBRF,SBSG,4070
2895,SBDN,SBRF,6
2896,SBRF,SBDN,5
2897,SBPS,SBDN,168
2898,SBRF,SBMA,1
2899,SBRF,SBMQ,14
2900,SBSP,SBMK,1
2901,SBSG,SBRF,4068
2902,SNVB,SBCF,162
2903,SBCF,SNTF,807
2904,SNTF,SBCF,792
2905,SBSG,SBFN,452
2906,SBFN,SBSG,452
2907,SBCF,SBSG,694
2908,SBSG,SBCF,700
2909,SBRF,SBPB,36
2910,SBPB,SBRF,36
2911,SBHT,SBMQ,4
2912,SBCF,SNVB,165
2913,SBBR,SBAE,233
2914,SBCY,SBBW,294
2915,SBBW,SBCY,292
2916,SBTG,SBKP,991
2917,SBCY,SBRD,635
2918,SBRD,SBCY,624
2919,SBUL,SBRF,152
2920,SBCF,SBVG,290
2921,SBKP,SBTG,1001
2922,SBKP,SBCR,426
2923,SBCR,SBKP,387
2924,SBKP,SBSG,994
2925,SBSG,SBKP,741
2926,SBKP,SBJA,971
2927,SBJA,SBKP,975
2928,SBFZ,SBSG,2224
2929,SBSG,SBSV,817
2930,SBSG,SBFZ,2221
2931,SBKP,SBLJ,493
2932,SBLJ,SBKP,494
2933,SBDN,SBPS,166
2934,SBGR,SBSG,7543
2935,SBSG,SBGR,7488
2936,SBRJ,SBUR,4
2937,SBUL,SBCP,2
2938,SBSG,SBRP,27
2939,SBRP,SBSG,25
2940,SBKP,SNDV,170
2941,SNDV,SBKP,165
2942,SBTC,SBPS,5
2943,SBFZ,SBHT,1
2944,SBFL,SBMO,1
2945,SBGO,SBIL,1
2946,SBMA,SBSV,1
2947,SBSG,SBAR,1
2948,SBAR,SBHT,4
2949,SBHT,SBSG,1
2950,SBSG,SBVT,3
2951,SBMK,SBGR,288
2952,SBSP,SBZM,979
2953,SBSP,SBTE,49
2954,SBTE,SBSP,52
2955,SBSP,SBJP,965
2956,SBSP,SBSG,574
2957,SBSG,SBSP,573
2958,SBSP,SBSL,280
2959,SBSP,SBBE,431
2960,SBKG,SBPL,233
2961,SBGR,SBKG,851
2962,SBSP,SBPJ,1295
2963,SBBR,SBSG,3254
2964,SBSG,SBBR,3239
2965,SBSV,SBSG,813
2966,SBMA,SBMQ,2
2967,SBSG,SBGL,3603
2968,SBGL,SBSG,3596
2969,SBGL,SBKG,631
2970,SBCJ,SBMQ,2
2971,SBCG,SBMO,2
2972,SBZM,SBSP,973
2973,SBGO,SBSG,61
2974,SBSG,SBGO,62
2975,SBVT,SBFL,1
2976,SBVT,SBSG,2
2977,SBCY,SBRF,222
2978,SBFZ,SBDN,1
2979,SBFZ,SBLO,4
2980,SBMG,SBFZ,2
2981,SBFZ,SBMG,2
2982,SBLO,SBRF,2
2983,SBFI,SBSV,101
2984,SBPA,SBSG,10
2985,SBSG,SBPA,13
2986,SBFI,SBFZ,42
2987,SBFZ,SBFI,42
2988,SBFI,SBMO,19
2989,SBMO,SBFI,19
2990,SBRF,SBFI,43
2991,SBFI,SBRF,42
2992,SBSP,SBSJ,20
2993,SWKO,SWCA,32
2994,SWCA,SWKO,32
2995,SWHT,SBMY,20
2996,SBMY,SWHT,19
2997,SBRP,SBTG,86
2998,SBTG,SBRP,82
2999,SBBR,SBRD,3
3000,SBRD,SBBR,3
3001,SBRP,SBRD,450
3002,SBRD,SBRP,445
3003,SBQV,SBBR,165
3004,SBSP,SBJA,844
3005,SBJA,SBSP,847
3006,SBAE,SBBR,233
3007,SBRB,SBSP,2
3008,SBPV,SDCO,1
3009,SBBH,SNGI,1
3010,SBBH,SBSL,6
3011,SNGI,SBBH,1
3012,SBMQ,SBBH,2
3013,SNBR,SBIP,2
3014,SBMQ,SBHT,1
3015,SBEG,SBSG,2
3016,SBSG,SBSG,61
3017,SBRF,SBMK,2
3018,SBMK,SBGV,1
3019,SBJA,SBJA,7
3020,SBCR,SBDB,244
3021,SBCF,SNPD,3
3022,SNPD,SBCF,4
3023,SBJI,SBSL,1
3024,SBSG,SBBE,1
3025,SBUL,SBCT,2
3026,SBTC,SBCT,3
3027,SBBH,SBAT,1
3028,SBBH,SDCO,5
3029,SBKP,SSKW,2
3030,SBBH,SBCJ,2
3031,SNBR,SBBH,1
3032,SBCJ,SBKP,4
3033,SBSG,SBJP,4
3034,SBSL,SBBH,5
3035,SBTE,SBBH,4
3036,SBCY,SDCO,2
3037,SNBR,SNBR,6
3038,SBGR,SBJA,2
3039,SBJA,SBPA,8
3040,SBFN,SBFN,8
3041,SBTT,SBTT,2
3042,SBTG,SBML,1
3043,SBGL,SBJA,2
3044,SBJA,SBGL,1
3045,SSKW,SBKP,3
3046,SBPA,SBTC,1
3047,SBUL,SBAE,1
3048,SBFZ,SBBH,4
3049,SBBH,SBMQ,1
3050,SBKP,SBQV,6
3051,SBBH,SBSP,15
3052,SBSP,SBBH,13
3053,SBIL,SBFZ,1
3054,SBCF,SBMQ,3
3055,SBBV,SBKP,2
3056,SBRD,SBKP,242
3057,SBIZ,SBRF,5
3058,SBJP,SBPL,8
3059,SBSL,SBPB,67
3060,SBPB,SBTE,181
3061,SBTE,SBPB,31
3062,SBPB,SBSL,31
3063,SBSR,SBTG,380
3064,SBTG,SBSR,363
3065,SBBH,SBTE,4
3066,SBBH,SBML,1
3067,SBPL,SBDN,1
3068,SBUL,SBVT,3
3069,SBPF,SBAE,1
3070,SBBE,SBTE,3
3071,SBUL,SBCG,1
3072,SBMO,SBJU,1
3073,SBCH,SBCF,10
3074,SBCR,SBCY,15
3075,SBLJ,SBJA,1
3076,SBPA,SBJA,8
3077,SBJA,SBLJ,1
3078,SBCT,SBAU,1
3079,SBRP,SBAU,8
3080,SBPJ,SBBH,3
3081,SBPA,SBBE,1
3082,SWEI,SWNK,1
3083,SWNK,SWEI,1
3084,SWEI,SWCA,2
3085,SBKP,SBAT,1
3086,SBAT,SBKP,4
3087,SWSI,SBKP,6
3088,SBJA,SBBH,1
3089,SBKP,SBPV,5
3090,SNBR,SBMK,3
3091,SBCF,SBPL,2
3092,SBRD,SBRD,4
3093,SBIP,SBMK,1
3094,SBRF,SNBR,1
3095,SBBE,SBTB,23
3096,SBIH,SBAT,38
3097,SBAT,SBIH,38
3098,SBTB,SBHT,18
3099,SBCR,SBCA,1
3100,SBFN,SBSV,1
3101,SBMK,SBRJ,1
3102,SBAR,SBIL,3
3103,SBPA,SBAE,3
3104,SBUL,SBDN,1
3105,SBNF,SBRF,1
3106,SBIZ,SBKP,36
3107,SBSP,SBJU,6
3108,SBSP,SBPL,4
3109,SBFI,SBPS,6
3110,SBIH,SBIH,2
3111,SBGR,SBMA,5
3112,SBKP,SWSI,4
3113,SBSG,SBBH,1
3114,SBTG,SBTG,1
3115,SBQV,SBVT,1
3116,SBSV,SBIP,2
3117,SBBV,SBCF,3
3118,SBSG,SBMO,4
3119,SBSG,SBSL,2
3120,SBJD,SDCO,1
3121,SBPF,SBBH,1
3122,SBPF,SBNF,2
3123,SBNF,SBBH,1
3124,SBUF,SBUF,1
3125,SBKP,SBPB,115
3126,SBGL,SBCH,9
3127,SBCH,SBGL,14
3128,SNBR,SBVT,1
3129,SBCP,SBMK,1
3130,SBMK,SNBR,1
3131,SBJI,SBRD,1
3132,SBJP,SBSG,7
3133,SBPJ,SBRJ,1
3134,SSKW,SBGO,1
3135,SBJV,SBRP,2
3136,SBPF,SBRP,1
3137,SBLJ,SBSR,1
3138,SBMQ,SBGR,3
3139,SBGO,SBAR,1
3140,SBAR,SBGO,2
3141,SBRJ,SBCH,1
3142,SBCH,SBRJ,2
3143,SBCP,SBPA,1
3144,SBPA,SBVG,1
3145,SBVG,SBPA,1
3146,SBKP,SBSM,1
3147,SBSR,SWSI,1
3148,SBSN,SBKP,3
3149,SBKG,SBGR,629
3150,SBKG,SBGL,350
3151,SBCZ,SBSN,1
3152,SBNF,SBBR,10
3153,SBKP,SBCV,1
3154,SBCH,SBFI,1
3155,SBPJ,SBRP,7
3156,SBIZ,SBFZ,3
3157,SBPK,SBGR,1
3158,SWSI,SBCF,1
3159,SBSL,SBMK,1
3160,SSKW,SSKW,3
3161,SBPV,SBTT,2
3162,SBCH,SBGO,2
3163,SBGO,SBCA,1
3164,SBCH,SBSV,1
3165,SBAR,SBJP,3
3166,SBSP,SBKG,1
3167,SBKG,SBSP,1
3168,SWEI,SBTT,1
3169,SBGR,SBTG,4
3170,SBMQ,SBPJ,1
3171,SBUL,SBCN,1
3172,SBRB,SBGR,203
3173,SBBE,SBOI,1
3174,SBOI,SBMQ,2
3175,SBEG,SBOI,1
3176,SBFL,SDSC,2
3177,SBQV,SBGL,1
3178,SBBE,SBCY,270
3179,SBGV,SBRP,1
3180,SBRP,SBGV,1
3181,SBBH,SBDO,1
3182,SBUG,SBFL,14
3183,SBCX,SBFL,14
3184,SBFL,SBUG,13
3185,SBSG,SBTE,1
3186,SBIP,SBQV,2
3187,SBAR,SBBE,1
3188,SBHT,SBAR,1
3189,SBCH,SBCX,1
3190,SBBE,SBAR,1
3191,SBSL,SBSG,1
3192,SBBE,SBPL,1
3193,SBKP,SBGV,2
3194,SBLO,SBEG,1
3195,SBFI,SBSG,10
3196,SBSG,SBFI,12
3197,SBTE,SBPL,1
3198,SBKP,SNPD,1
3199,SNPD,SBBR,1
3200,SBKG,SBCF,1
3201,SNTO,SBBH,466
3202,SBBH,SNTO,474
3203,SBBH,SNZA,44
3204,SNZA,SBPC,87
3205,SBBH,SNUI,90
3206,SNUI,SBBH,47
3207,SBBH,SNUB,4
3208,SBPC,SBVG,32
3209,SBPC,SNZA,103
3210,SNZA,SBVG,63
3211,SBVG,SNZA,55
3212,SNUB,SBBH,4
3213,SNZA,SBBH,48
3214,SBRP,SBPJ,3
3215,SBEG,SDSC,1
3216,SBCY,SBTF,1
3217,SBTF,SBPV,1
3218,SBJA,SBDN,1
3219,SBGP,SBKP,17
3220,SBUR,SBMK,1
3221,SBAE,SBBH,1
3222,SBGL,SBZM,2
3223,SBFI,SDSC,13
3224,SBVG,SBPC,28
3225,SBGR,SBIZ,515
3226,SDSC,SBFI,15
3227,SBCF,SBJU,2
3228,SBJP,SBSL,1
3229,SBCH,SBTC,1
3230,SBPS,SNTF,1
3231,SBKP,SBGP,20
3232,SBCZ,SBCZ,2
3233,SBEG,SBFI,1
3234,SBTE,SBPA,1
3235,SBBH,SNFE,1
3236,SNFE,SBBH,1
3237,SBPL,SBTE,1
3238,SBCN,SBCY,1
3239,SBCG,SBJV,4
3240,SBMK,SBIL,1
3241,SBCN,SBPJ,3
3242,SBMO,SBBE,1
3243,SBPJ,SBCN,1
3244,SBGO,SBPL,1
3245,SBKG,SBKG,4
3246,SBNM,SBCH,1
3247,SBAU,SBTG,1
3248,SBJU,SBMO,1
3249,SBGL,SBPJ,1
3250,SBFN,SBJP,1
3251,SBMO,SBPL,1
3252,SBMO,SBSG,4
3253,SBFI,SBSJ,2
3254,SBSR,SBRD,114
3255,SBCN,SBEG,1
3256,SBFL,SBJA,3
3257,SBCN,SBTE,1
3258,SBCF,SBBV,2
3259,SBJP,SBTC,1
3260,SBKP,SBKG,15
3261,SBVH,SBKP,1
3262,SBSJ,SBSG,1
3263,SBBR,SBQV,159
3264,SWGN,SBRP,1
3265,SBBR,SBMN,1
3266,SBMN,SBBV,1
3267,SWLC,SWLC,1
3268,SBKP,SBIZ,38
3269,SBNF,SBLO,3
3270,SBRF,SNHS,1
3271,SNHS,SBRF,1
3272,SBAR,SBMK,1
3273,SBKG,SBKP,3
3274,SBPJ,SBPS,2
3275,SBUL,SBFL,1
3276,SBRD,SBSR,112
3277,SBVT,SBZM,1
3278,SBEG,SBAT,1
3279,SBAT,SBBR,1
3280,SBHT,SBGR,1
3281,SNDT,SNUI,90
3282,SNUI,SNDT,53
3283,SNPD,SNPJ,78
3284,SNPJ,SBAX,60
3285,SNPJ,SBBH,21
3286,SBBH,SNPJ,12
3287,SBAX,SNPJ,21
3288,SNPJ,SNPD,31
3289,SBVT,SBMK,14
3290,SBMG,SBRP,3
3291,SBCT,SBJA,1
3292,SBDB,SBRP,1
3293,SBCR,SBDN,1
3294,SBTG,SBDN,1
3295,SBRB,SBSN,1
3296,SBMA,SBSP,1
3297,SNTF,SNTF,2
3298,SBBW,SBUL,1
3299,SBDB,SBCY,1
3300,SBCA,SBFL,1
3301,SWLC,SBRP,2
3302,SBSR,SBMG,1
3303,SBPA,SBTG,1
3304,SBTG,SBGR,2
3305,SBCT,SBTG,1
3306,SBAU,SBCF,2
3307,SBBW,SBKP,2
3308,SBIL,SBMK,1
3309,SBBR,SBMK,2
3310,SBJA,SBCT,2
3311,SBJA,SBGR,3
3312,SBVH,SBCG,2
3313,SSKW,SBCG,2
3314,SBCX,SBRP,2
3315,SBAT,SBBE,1
3316,SBGV,SBKP,1
3317,SBSP,SBHT,1
3318,SBSP,SBRB,1
3319,SBSP,SBIZ,1
3320,SBVT,SBBE,1
3321,SBFZ,SBMA,1
3322,SBUL,SBSG,10
3323,SBSG,SBUL,10
3324,SBSV,SBJV,2
3325,SBCF,SBSN,19
3326,SBSN,SBCF,19
3327,SBVT,SNTF,13
3328,SNTF,SBVT,13
3329,SBJV,SBRF,1
3330,SBGR,SBHT,1
3331,SBCA,SBSR,1
3332,SBCT,SBUR,1
3333,SBCF,SBML,1
3334,SBUR,SBVT,1
3335,SBLO,SBAR,1
3336,SBCX,SBCF,1
3337,SBJU,SBSG,1
3338,SBRF,SBIZ,4
3339,SBCR,SBVH,1
3340,SSPB,SBCT,47
3341,SBJI,SBKP,1
3342,SBPA,SBDO,1
3343,SBLO,SBDO,1
3344,SBCA,SBSV,1
3345,SNBR,SBGR,1
3346,SBGO,SBMK,1
3347,SBKP,SBRD,239
3348,SBRF,SBBV,2
3349,SBBV,SBCG,2
3350,SBMG,SBRF,1
3351,SBCF,SBAE,1
3352,SBGP,SBCF,2
3353,SBVT,SBBV,1
3354,SNGV,SBIP,3
3355,SWPI,SWMW,52
3356,SBPJ,SBCG,1
3357,SBQV,SBRF,1
3358,SBAE,SBRJ,1
3359,SBCH,SBCY,1
3360,SBCY,SBCH,1
3361,SBVT,SBTC,1
3362,SBRF,SBCB,1
3363,SBGV,SNUI,6
3364,SNUI,SBGV,6
3365,SNPJ,SBUL,1
3366,SBUL,SNPD,7
3367,SBMD,SNYA,108
3368,SNMZ,SNVS,108
3369,SNYA,SNMZ,109
3370,SBMD,SNMZ,2
3371,SNMZ,SNYA,1
3372,SNYA,SNVS,1
3373,SNVS,SBBE,109
3374,SBCY,SWHP,92
3375,SWHP,SWFX,92
3376,SWFX,SWHP,91
3377,SWHP,SBCY,95
3378,SBCY,SWTS,86
3379,SWTS,SWJN,88
3380,SWJN,SWTS,89
3381,SWTS,SBCY,89
3382,SBCY,SWFX,1
3383,SBCT,SBNM,1
3384,SBUL,SNPJ,2
3385,SBBV,SBGO,2
3386,SBRP,SBVG,2
3387,SBTT,SBKP,1
3388,SBRP,SBCH,1
3389,SBKP,SBFN,1
3390,SBGO,SBAE,1
3391,SBLJ,SBCT,145
3392,SBAE,SBVT,1
3393,SBZM,SBAE,1
3394,SBCP,SBCT,1
3395,SBMG,SBCN,1
3396,SBSG,SBRJ,1
3397,SNTO,SBIP,8
3398,SBIP,SNUI,5
3399,SNMZ,SBBE,4
3400,SBJC,SBPA,6
3401,SBBE,SBSG,3
3402,SBSL,SBMO,2
3403,SBTE,SBMO,2
3404,SBFN,SBMO,1
3405,SBPK,SBSM,1
3406,SBNF,SBCG,1
3407,SBAR,SBFN,1
3408,SBMO,SBTE,1
3409,SBSG,SBKG,1
3410,SBPS,SBJP,1
3411,SBPS,SBEG,1
3412,SBPS,SBSG,1
3413,SBSN,SBGR,1
3414,SDSC,SBSN,1
3415,SBJD,SBBH,29
3416,SWMW,SWPI,58
3417,SBPS,SBTE,1
3418,SBSV,SBCG,1
3419,SBSR,SBNF,1
3420,SBGL,SBMA,3
3421,SBSP,SWKN,6
3422,SWKN,SBSP,6
3423,SBKP,SWKN,1
3424,SBGR,SWKN,1
3425,SWKN,SBKP,1
3426,SWKN,SBGR,1
3427,SBCF,SWKN,1
3428,SWKN,SBCF,1
3429,SBVT,SBAR,1
3430,SBVT,SBAE,1
3431,SBBW,SBBW,1
3432,SBJA,SBFL,1
3433,SBCH,SBJA,1
3434,SBKP,SBMQ,1
3435,SBCY,SBSN,1
3436,SBCH,SSPB,1
3437,SJRG,SBBG,1
3438,SBZM,SBRP,1
3439,SBSG,SBSJ,1
3440,SBGP,SBSP,1
3441,SBRP,SBEG,3
3442,SBMQ,SBKP,1
3443,SNTF,SBIP,1
3444,SBMQ,SBRF,12
3445,SBGO,SBVH,1
3446,SBFL,SBPK,1
3447,SBCA,SBGO,1
3448,SBTD,SBKP,1
3449,SBGP,SBGP,1
3450,SBCT,SSKM,55
3451,SNBA,SBSP,92
3452,SBSP,SNBA,92
3453,SBJR,SBSP,123
3454,SBSP,SBJR,119
3455,SIMK,SBSP,93
3456,SBSP,SIMK,92
3457,SSKM,SBCT,51
3458,SBCT,SSPG,67
3459,SSPG,SBCT,67
3460,SBLO,SSKM,1
3461,SBSP,SBME,58
3462,SBME,SBSP,62
3463,SBSP,SBUR,57
3464,SBUR,SBSP,56
3465,SBSP,SBDO,111
3466,SBDO,SBSP,112
3467,SBCG,SBAE,1
3468,SWLC,SBSR,1
3469,SBPF,SBSR,1
3470,SBVT,SBSL,1
3471,SBCA,SBAE,1
3472,SBCA,SBCY,1
3473,SNBA,SBRP,1
3474,SBGO,SBAU,1
3475,SBCB,SBME,2
3476,SBRP,SBME,1
3477,SBAU,SBDO,2
3478,SBRJ,SBAE,1
3479,SBRF,SBIL,1
3480,SIMK,SBJD,2
3481,SBIL,SBSG,1
3482,SBSN,SBPJ,1
3483,SBJD,SIMK,1
3484,SBKP,SBGU,2
3485,SBJD,SBSP,1
3486,SBCZ,SBGR,1
3487,SBGU,SBKP,2
3488,SBSP,SBJD,1
3489,SBJD,SBRJ,1
3490,SBJD,SBJR,1
3491,SBCA,SBCF,1
3492,SBFZ,SBMS,1
3493,SWHP,SJHG,1
3494,SBUG,SBPK,1
3495,SBDB,SBCF,1
